STATION,NAME,STATE,LATITUDE,LONGITUDE,ELEVATION,DATE,TMAX,TMAX_ATTRIBUTES,TMIN,TMIN_ATTRIBUTES,TOBS,TOBS_ATTRIBUTES
US1NYSF0002,"RIVERHEAD 1.3 SSE, NY US",New York,40.93,-72.67,13.1,2010-01-17,,,,,,
US1NYSF0002,"RIVERHEAD 1.3 SSE, NY US",New York,40.93,-72.67,13.1,2010-01-18,,,,,,
US1NYSF0002,"RIVERHEAD 1.3 SSE, NY US",New York,40.93,-72.67,13.1,2010-01-19,,,,,,
US1NYSF0002,"RIVERHEAD 1.3 SSE, NY US",New York,40.93,-72.67,13.1,2010-01-20,,,,,,
US1NYSF0002,"RIVERHEAD 1.3 SSE, NY US",New York,40.93,-72.67,13.1,2010-01-21,,,,,,
US1NYSF0002,"RIVERHEAD 1.3 SSE, NY US",New York,40.93,-72.67,13.1,2010-01-22,,,,,,
US1NYSF0002,"RIVERHEAD 1.3 SSE, NY US",New York,40.93,-72.67,13.1,2010-01-23,,,,,,
US1NYSF0002,"RIVERHEAD 1.3 SSE, NY US",New York,40.93,-72.67,13.1,2010-01-24,,,,,,
US1NYSF0002,"RIVERHEAD 1.3 SSE, NY US",New York,40.93,-72.67,13.1,2010-01-25,,,,,,
US1NYSF0002,"RIVERHEAD 1.3 SSE, NY US",New York,40.93,-72.67,13.1,2010-01-26,,,,,,
US1NYSF0002,"RIVERHEAD 1.3 SSE, NY US",New York,40.93,-72.67,13.1,2010-03-15,,,,,,
US1NYSF0002,"RIVERHEAD 1.3 SSE, NY US",New York,40.93,-72.67,13.1,2010-03-16,,,,,,
US1NYSF0002,"RIVERHEAD 1.3 SSE, NY US",New York,40.93,-72.67,13.1,2010-03-17,,,,,,
US1NYSF0002,"RIVERHEAD 1.3 SSE, NY US",New York,40.93,-72.67,13.1,2010-03-18,,,,,,
US1NYSF0002,"RIVERHEAD 1.3 SSE, NY US",New York,40.93,-72.67,13.1,2010-03-19,,,,,,
US1NYSF0002,"RIVERHEAD 1.3 SSE, NY US",New York,40.93,-72.67,13.1,2010-03-20,,,,,,
US1NYSF0002,"RIVERHEAD 1.3 SSE, NY US",New York,40.93,-72.67,13.1,2010-03-21,,,,,,
US1NYSF0002,"RIVERHEAD 1.3 SSE, NY US",New York,40.93,-72.67,13.1,2010-03-22,,,,,,
US1NYSF0002,"RIVERHEAD 1.3 SSE, NY US",New York,40.93,-72.67,13.1,2010-03-23,,,,,,
US1NYSF0002,"RIVERHEAD 1.3 SSE, NY US",New York,40.93,-72.67,13.1,2010-03-24,,,,,,
US1NYSF0002,"RIVERHEAD 1.3 SSE, NY US",New York,40.93,-72.67,13.1,2010-03-25,,,,,,
US1NYSF0002,"RIVERHEAD 1.3 SSE, NY US",New York,40.93,-72.67,13.1,2010-03-26,,,,,,
US1NYSF0002,"RIVERHEAD 1.3 SSE, NY US",New York,40.93,-72.67,13.1,2010-03-27,,,,,,
US1NYSF0002,"RIVERHEAD 1.3 SSE, NY US",New York,40.93,-72.67,13.1,2010-03-29,,,,,,
US1NYSF0002,"RIVERHEAD 1.3 SSE, NY US",New York,40.93,-72.67,13.1,2010-03-30,,,,,,
US1NYSF0002,"RIVERHEAD 1.3 SSE, NY US",New York,40.93,-72.67,13.1,2010-03-31,,,,,,
US1NYSF0002,"RIVERHEAD 1.3 SSE, NY US",New York,40.93,-72.67,13.1,2010-04-01,,,,,,
US1NYSF0002,"RIVERHEAD 1.3 SSE, NY US",New York,40.93,-72.67,13.1,2010-04-02,,,,,,
US1NYSF0002,"RIVERHEAD 1.3 SSE, NY US",New York,40.93,-72.67,13.1,2010-04-03,,,,,,
US1NYSF0002,"RIVERHEAD 1.3 SSE, NY US",New York,40.93,-72.67,13.1,2010-04-04,,,,,,
US1NYSF0002,"RIVERHEAD 1.3 SSE, NY US",New York,40.93,-72.67,13.1,2010-04-05,,,,,,
US1NYSF0002,"RIVERHEAD 1.3 SSE, NY US",New York,40.93,-72.67,13.1,2010-04-06,,,,,,
US1NYSF0002,"RIVERHEAD 1.3 SSE, NY US",New York,40.93,-72.67,13.1,2010-04-07,,,,,,
US1NYSF0002,"RIVERHEAD 1.3 SSE, NY US",New York,40.93,-72.67,13.1,2010-04-08,,,,,,
US1NYSF0002,"RIVERHEAD 1.3 SSE, NY US",New York,40.93,-72.67,13.1,2010-04-09,,,,,,
US1NYSF0002,"RIVERHEAD 1.3 SSE, NY US",New York,40.93,-72.67,13.1,2010-04-10,,,,,,
US1NYSF0002,"RIVERHEAD 1.3 SSE, NY US",New York,40.93,-72.67,13.1,2010-04-11,,,,,,
US1NYSF0002,"RIVERHEAD 1.3 SSE, NY US",New York,40.93,-72.67,13.1,2010-04-12,,,,,,
US1NYSF0002,"RIVERHEAD 1.3 SSE, NY US",New York,40.93,-72.67,13.1,2010-04-13,,,,,,
US1NYSF0002,"RIVERHEAD 1.3 SSE, NY US",New York,40.93,-72.67,13.1,2010-04-14,,,,,,
US1NYSF0002,"RIVERHEAD 1.3 SSE, NY US",New York,40.93,-72.67,13.1,2010-04-15,,,,,,
US1NYSF0002,"RIVERHEAD 1.3 SSE, NY US",New York,40.93,-72.67,13.1,2010-04-16,,,,,,
US1NYSF0002,"RIVERHEAD 1.3 SSE, NY US",New York,40.93,-72.67,13.1,2010-04-17,,,,,,
US1NYSF0002,"RIVERHEAD 1.3 SSE, NY US",New York,40.93,-72.67,13.1,2010-04-18,,,,,,
US1NYSF0002,"RIVERHEAD 1.3 SSE, NY US",New York,40.93,-72.67,13.1,2010-04-19,,,,,,
US1NYSF0002,"RIVERHEAD 1.3 SSE, NY US",New York,40.93,-72.67,13.1,2010-04-20,,,,,,
US1NYSF0002,"RIVERHEAD 1.3 SSE, NY US",New York,40.93,-72.67,13.1,2010-04-21,,,,,,
US1NYSF0002,"RIVERHEAD 1.3 SSE, NY US",New York,40.93,-72.67,13.1,2010-04-22,,,,,,
US1NYSF0002,"RIVERHEAD 1.3 SSE, NY US",New York,40.93,-72.67,13.1,2010-04-23,,,,,,
US1NYSF0002,"RIVERHEAD 1.3 SSE, NY US",New York,40.93,-72.67,13.1,2010-04-24,,,,,,
US1NYSF0002,"RIVERHEAD 1.3 SSE, NY US",New York,40.93,-72.67,13.1,2010-04-25,,,,,,
US1NYSF0002,"RIVERHEAD 1.3 SSE, NY US",New York,40.93,-72.67,13.1,2010-04-26,,,,,,
US1NYSF0002,"RIVERHEAD 1.3 SSE, NY US",New York,40.93,-72.67,13.1,2010-04-27,,,,,,
US1NYSF0002,"RIVERHEAD 1.3 SSE, NY US",New York,40.93,-72.67,13.1,2010-04-28,,,,,,
US1NYSF0002,"RIVERHEAD 1.3 SSE, NY US",New York,40.93,-72.67,13.1,2010-04-29,,,,,,
US1NYSF0002,"RIVERHEAD 1.3 SSE, NY US",New York,40.93,-72.67,13.1,2010-04-30,,,,,,
US1NYSF0002,"RIVERHEAD 1.3 SSE, NY US",New York,40.93,-72.67,13.1,2010-05-01,,,,,,
US1NYSF0002,"RIVERHEAD 1.3 SSE, NY US",New York,40.93,-72.67,13.1,2010-05-02,,,,,,
US1NYSF0002,"RIVERHEAD 1.3 SSE, NY US",New York,40.93,-72.67,13.1,2010-05-03,,,,,,
US1NYSF0002,"RIVERHEAD 1.3 SSE, NY US",New York,40.93,-72.67,13.1,2010-05-04,,,,,,
US1NYSF0002,"RIVERHEAD 1.3 SSE, NY US",New York,40.93,-72.67,13.1,2010-05-05,,,,,,
US1NYSF0002,"RIVERHEAD 1.3 SSE, NY US",New York,40.93,-72.67,13.1,2010-05-06,,,,,,
US1NYSF0002,"RIVERHEAD 1.3 SSE, NY US",New York,40.93,-72.67,13.1,2010-05-07,,,,,,
US1NYSF0002,"RIVERHEAD 1.3 SSE, NY US",New York,40.93,-72.67,13.1,2010-05-08,,,,,,
US1NYSF0002,"RIVERHEAD 1.3 SSE, NY US",New York,40.93,-72.67,13.1,2010-05-09,,,,,,
US1NYSF0002,"RIVERHEAD 1.3 SSE, NY US",New York,40.93,-72.67,13.1,2010-05-10,,,,,,
US1NYSF0002,"RIVERHEAD 1.3 SSE, NY US",New York,40.93,-72.67,13.1,2010-05-11,,,,,,
US1NYSF0002,"RIVERHEAD 1.3 SSE, NY US",New York,40.93,-72.67,13.1,2010-05-12,,,,,,
US1NYSF0002,"RIVERHEAD 1.3 SSE, NY US",New York,40.93,-72.67,13.1,2010-05-13,,,,,,
US1NYSF0002,"RIVERHEAD 1.3 SSE, NY US",New York,40.93,-72.67,13.1,2010-05-14,,,,,,
US1NYSF0002,"RIVERHEAD 1.3 SSE, NY US",New York,40.93,-72.67,13.1,2010-05-15,,,,,,
US1NYSF0002,"RIVERHEAD 1.3 SSE, NY US",New York,40.93,-72.67,13.1,2010-05-16,,,,,,
US1NYSF0002,"RIVERHEAD 1.3 SSE, NY US",New York,40.93,-72.67,13.1,2010-05-17,,,,,,
US1NYSF0002,"RIVERHEAD 1.3 SSE, NY US",New York,40.93,-72.67,13.1,2010-05-18,,,,,,
US1NYSF0002,"RIVERHEAD 1.3 SSE, NY US",New York,40.93,-72.67,13.1,2010-05-19,,,,,,
US1NYSF0002,"RIVERHEAD 1.3 SSE, NY US",New York,40.93,-72.67,13.1,2010-05-20,,,,,,
US1NYSF0002,"RIVERHEAD 1.3 SSE, NY US",New York,40.93,-72.67,13.1,2010-05-21,,,,,,
US1NYSF0002,"RIVERHEAD 1.3 SSE, NY US",New York,40.93,-72.67,13.1,2010-05-22,,,,,,
US1NYSF0002,"RIVERHEAD 1.3 SSE, NY US",New York,40.93,-72.67,13.1,2010-05-23,,,,,,
US1NYSF0002,"RIVERHEAD 1.3 SSE, NY US",New York,40.93,-72.67,13.1,2010-05-24,,,,,,
US1NYSF0002,"RIVERHEAD 1.3 SSE, NY US",New York,40.93,-72.67,13.1,2010-05-25,,,,,,
US1NYSF0002,"RIVERHEAD 1.3 SSE, NY US",New York,40.93,-72.67,13.1,2010-05-26,,,,,,
US1NYSF0002,"RIVERHEAD 1.3 SSE, NY US",New York,40.93,-72.67,13.1,2010-05-27,,,,,,
US1NYSF0002,"RIVERHEAD 1.3 SSE, NY US",New York,40.93,-72.67,13.1,2010-05-28,,,,,,
US1NYSF0002,"RIVERHEAD 1.3 SSE, NY US",New York,40.93,-72.67,13.1,2010-05-29,,,,,,
US1NYSF0002,"RIVERHEAD 1.3 SSE, NY US",New York,40.93,-72.67,13.1,2010-05-30,,,,,,
US1NYSF0002,"RIVERHEAD 1.3 SSE, NY US",New York,40.93,-72.67,13.1,2010-05-31,,,,,,
US1NYSF0002,"RIVERHEAD 1.3 SSE, NY US",New York,40.93,-72.67,13.1,2010-06-01,,,,,,
US1NYSF0002,"RIVERHEAD 1.3 SSE, NY US",New York,40.93,-72.67,13.1,2010-06-02,,,,,,
US1NYSF0002,"RIVERHEAD 1.3 SSE, NY US",New York,40.93,-72.67,13.1,2010-06-03,,,,,,
US1NYSF0002,"RIVERHEAD 1.3 SSE, NY US",New York,40.93,-72.67,13.1,2010-06-04,,,,,,
US1NYSF0002,"RIVERHEAD 1.3 SSE, NY US",New York,40.93,-72.67,13.1,2010-06-05,,,,,,
US1NYSF0002,"RIVERHEAD 1.3 SSE, NY US",New York,40.93,-72.67,13.1,2010-06-06,,,,,,
US1NYSF0002,"RIVERHEAD 1.3 SSE, NY US",New York,40.93,-72.67,13.1,2010-06-07,,,,,,
US1NYSF0002,"RIVERHEAD 1.3 SSE, NY US",New York,40.93,-72.67,13.1,2010-06-08,,,,,,
US1NYSF0002,"RIVERHEAD 1.3 SSE, NY US",New York,40.93,-72.67,13.1,2010-06-09,,,,,,
US1NYSF0002,"RIVERHEAD 1.3 SSE, NY US",New York,40.93,-72.67,13.1,2010-06-10,,,,,,
US1NYSF0002,"RIVERHEAD 1.3 SSE, NY US",New York,40.93,-72.67,13.1,2010-06-11,,,,,,
US1NYSF0002,"RIVERHEAD 1.3 SSE, NY US",New York,40.93,-72.67,13.1,2010-06-12,,,,,,
US1NYSF0002,"RIVERHEAD 1.3 SSE, NY US",New York,40.93,-72.67,13.1,2010-06-13,,,,,,
US1NYSF0002,"RIVERHEAD 1.3 SSE, NY US",New York,40.93,-72.67,13.1,2010-06-14,,,,,,
US1NYSF0002,"RIVERHEAD 1.3 SSE, NY US",New York,40.93,-72.67,13.1,2010-06-15,,,,,,
US1NYSF0002,"RIVERHEAD 1.3 SSE, NY US",New York,40.93,-72.67,13.1,2010-06-16,,,,,,
US1NYSF0002,"RIVERHEAD 1.3 SSE, NY US",New York,40.93,-72.67,13.1,2010-06-17,,,,,,
US1NYSF0002,"RIVERHEAD 1.3 SSE, NY US",New York,40.93,-72.67,13.1,2010-06-18,,,,,,
US1NYSF0002,"RIVERHEAD 1.3 SSE, NY US",New York,40.93,-72.67,13.1,2010-06-19,,,,,,
US1NYSF0002,"RIVERHEAD 1.3 SSE, NY US",New York,40.93,-72.67,13.1,2010-06-20,,,,,,
US1NYSF0002,"RIVERHEAD 1.3 SSE, NY US",New York,40.93,-72.67,13.1,2010-06-21,,,,,,
US1NYSF0002,"RIVERHEAD 1.3 SSE, NY US",New York,40.93,-72.67,13.1,2010-06-22,,,,,,
US1NYSF0002,"RIVERHEAD 1.3 SSE, NY US",New York,40.93,-72.67,13.1,2010-06-23,,,,,,
US1NYSF0002,"RIVERHEAD 1.3 SSE, NY US",New York,40.93,-72.67,13.1,2010-06-24,,,,,,
US1NYSF0002,"RIVERHEAD 1.3 SSE, NY US",New York,40.93,-72.67,13.1,2010-06-25,,,,,,
US1NYSF0002,"RIVERHEAD 1.3 SSE, NY US",New York,40.93,-72.67,13.1,2010-06-26,,,,,,
US1NYSF0002,"RIVERHEAD 1.3 SSE, NY US",New York,40.93,-72.67,13.1,2010-06-27,,,,,,
US1NYSF0002,"RIVERHEAD 1.3 SSE, NY US",New York,40.93,-72.67,13.1,2010-06-28,,,,,,
US1NYSF0002,"RIVERHEAD 1.3 SSE, NY US",New York,40.93,-72.67,13.1,2010-06-29,,,,,,
US1NYSF0002,"RIVERHEAD 1.3 SSE, NY US",New York,40.93,-72.67,13.1,2010-06-30,,,,,,
US1NYSF0002,"RIVERHEAD 1.3 SSE, NY US",New York,40.93,-72.67,13.1,2010-07-01,,,,,,
US1NYSF0002,"RIVERHEAD 1.3 SSE, NY US",New York,40.93,-72.67,13.1,2010-07-02,,,,,,
US1NYSF0002,"RIVERHEAD 1.3 SSE, NY US",New York,40.93,-72.67,13.1,2010-07-03,,,,,,
US1NYSF0002,"RIVERHEAD 1.3 SSE, NY US",New York,40.93,-72.67,13.1,2010-07-04,,,,,,
US1NYSF0002,"RIVERHEAD 1.3 SSE, NY US",New York,40.93,-72.67,13.1,2010-07-05,,,,,,
US1NYSF0002,"RIVERHEAD 1.3 SSE, NY US",New York,40.93,-72.67,13.1,2010-07-06,,,,,,
US1NYSF0002,"RIVERHEAD 1.3 SSE, NY US",New York,40.93,-72.67,13.1,2010-07-07,,,,,,
US1NYSF0002,"RIVERHEAD 1.3 SSE, NY US",New York,40.93,-72.67,13.1,2010-07-08,,,,,,
US1NYSF0002,"RIVERHEAD 1.3 SSE, NY US",New York,40.93,-72.67,13.1,2010-07-18,,,,,,
US1NYSF0002,"RIVERHEAD 1.3 SSE, NY US",New York,40.93,-72.67,13.1,2010-07-19,,,,,,
US1NYSF0002,"RIVERHEAD 1.3 SSE, NY US",New York,40.93,-72.67,13.1,2010-07-20,,,,,,
US1NYSF0002,"RIVERHEAD 1.3 SSE, NY US",New York,40.93,-72.67,13.1,2010-07-23,,,,,,
US1NYSF0002,"RIVERHEAD 1.3 SSE, NY US",New York,40.93,-72.67,13.1,2010-07-24,,,,,,
US1NYSF0002,"RIVERHEAD 1.3 SSE, NY US",New York,40.93,-72.67,13.1,2010-07-25,,,,,,
US1NYSF0002,"RIVERHEAD 1.3 SSE, NY US",New York,40.93,-72.67,13.1,2010-07-29,,,,,,
US1NYSF0002,"RIVERHEAD 1.3 SSE, NY US",New York,40.93,-72.67,13.1,2010-08-01,,,,,,
US1NYSF0002,"RIVERHEAD 1.3 SSE, NY US",New York,40.93,-72.67,13.1,2010-08-02,,,,,,
US1NYSF0002,"RIVERHEAD 1.3 SSE, NY US",New York,40.93,-72.67,13.1,2010-10-28,,,,,,
US1NYSF0002,"RIVERHEAD 1.3 SSE, NY US",New York,40.93,-72.67,13.1,2010-10-29,,,,,,
US1NYSF0002,"RIVERHEAD 1.3 SSE, NY US",New York,40.93,-72.67,13.1,2010-11-01,,,,,,
US1NYSF0002,"RIVERHEAD 1.3 SSE, NY US",New York,40.93,-72.67,13.1,2010-11-02,,,,,,
US1NYSF0002,"RIVERHEAD 1.3 SSE, NY US",New York,40.93,-72.67,13.1,2010-11-03,,,,,,
US1NYSF0002,"RIVERHEAD 1.3 SSE, NY US",New York,40.93,-72.67,13.1,2010-11-04,,,,,,
US1NYSF0002,"RIVERHEAD 1.3 SSE, NY US",New York,40.93,-72.67,13.1,2010-11-05,,,,,,
US1NYSF0002,"RIVERHEAD 1.3 SSE, NY US",New York,40.93,-72.67,13.1,2010-11-06,,,,,,
US1NYSF0002,"RIVERHEAD 1.3 SSE, NY US",New York,40.93,-72.67,13.1,2010-11-07,,,,,,
US1NYSF0002,"RIVERHEAD 1.3 SSE, NY US",New York,40.93,-72.67,13.1,2010-11-08,,,,,,
US1NYSF0002,"RIVERHEAD 1.3 SSE, NY US",New York,40.93,-72.67,13.1,2010-11-09,,,,,,
US1NYSF0002,"RIVERHEAD 1.3 SSE, NY US",New York,40.93,-72.67,13.1,2010-11-10,,,,,,
US1NYSF0002,"RIVERHEAD 1.3 SSE, NY US",New York,40.93,-72.67,13.1,2010-11-11,,,,,,
US1NYSF0002,"RIVERHEAD 1.3 SSE, NY US",New York,40.93,-72.67,13.1,2010-11-12,,,,,,
US1NYSF0002,"RIVERHEAD 1.3 SSE, NY US",New York,40.93,-72.67,13.1,2010-11-13,,,,,,
US1NYSF0002,"RIVERHEAD 1.3 SSE, NY US",New York,40.93,-72.67,13.1,2010-11-14,,,,,,
US1NYSF0002,"RIVERHEAD 1.3 SSE, NY US",New York,40.93,-72.67,13.1,2010-11-15,,,,,,
US1NYSF0002,"RIVERHEAD 1.3 SSE, NY US",New York,40.93,-72.67,13.1,2010-11-16,,,,,,
US1NYSF0002,"RIVERHEAD 1.3 SSE, NY US",New York,40.93,-72.67,13.1,2010-11-17,,,,,,
US1NYSF0002,"RIVERHEAD 1.3 SSE, NY US",New York,40.93,-72.67,13.1,2010-11-18,,,,,,
US1NYSF0002,"RIVERHEAD 1.3 SSE, NY US",New York,40.93,-72.67,13.1,2010-11-19,,,,,,
US1NYSF0002,"RIVERHEAD 1.3 SSE, NY US",New York,40.93,-72.67,13.1,2010-11-20,,,,,,
US1NYSF0002,"RIVERHEAD 1.3 SSE, NY US",New York,40.93,-72.67,13.1,2010-11-21,,,,,,
US1NYSF0002,"RIVERHEAD 1.3 SSE, NY US",New York,40.93,-72.67,13.1,2010-11-22,,,,,,
US1NYSF0002,"RIVERHEAD 1.3 SSE, NY US",New York,40.93,-72.67,13.1,2010-11-23,,,,,,
US1NYSF0002,"RIVERHEAD 1.3 SSE, NY US",New York,40.93,-72.67,13.1,2010-11-24,,,,,,
US1NYSF0002,"RIVERHEAD 1.3 SSE, NY US",New York,40.93,-72.67,13.1,2010-11-25,,,,,,
US1NYSF0002,"RIVERHEAD 1.3 SSE, NY US",New York,40.93,-72.67,13.1,2010-11-26,,,,,,
US1NYSF0002,"RIVERHEAD 1.3 SSE, NY US",New York,40.93,-72.67,13.1,2010-11-27,,,,,,
US1NYSF0002,"RIVERHEAD 1.3 SSE, NY US",New York,40.93,-72.67,13.1,2010-11-28,,,,,,
US1NYSF0002,"RIVERHEAD 1.3 SSE, NY US",New York,40.93,-72.67,13.1,2010-11-29,,,,,,
US1NYSF0002,"RIVERHEAD 1.3 SSE, NY US",New York,40.93,-72.67,13.1,2010-11-30,,,,,,
US1NYSF0002,"RIVERHEAD 1.3 SSE, NY US",New York,40.93,-72.67,13.1,2010-12-01,,,,,,
US1NYSF0002,"RIVERHEAD 1.3 SSE, NY US",New York,40.93,-72.67,13.1,2010-12-02,,,,,,
US1NYSF0002,"RIVERHEAD 1.3 SSE, NY US",New York,40.93,-72.67,13.1,2010-12-03,,,,,,
US1NYSF0002,"RIVERHEAD 1.3 SSE, NY US",New York,40.93,-72.67,13.1,2010-12-04,,,,,,
US1NYSF0002,"RIVERHEAD 1.3 SSE, NY US",New York,40.93,-72.67,13.1,2010-12-05,,,,,,
US1NYSF0002,"RIVERHEAD 1.3 SSE, NY US",New York,40.93,-72.67,13.1,2010-12-06,,,,,,
US1NYSF0002,"RIVERHEAD 1.3 SSE, NY US",New York,40.93,-72.67,13.1,2010-12-07,,,,,,
US1NYSF0002,"RIVERHEAD 1.3 SSE, NY US",New York,40.93,-72.67,13.1,2010-12-08,,,,,,
US1NYSF0002,"RIVERHEAD 1.3 SSE, NY US",New York,40.93,-72.67,13.1,2010-12-09,,,,,,
US1NYSF0002,"RIVERHEAD 1.3 SSE, NY US",New York,40.93,-72.67,13.1,2010-12-10,,,,,,
US1NYSF0002,"RIVERHEAD 1.3 SSE, NY US",New York,40.93,-72.67,13.1,2010-12-11,,,,,,
US1NYSF0002,"RIVERHEAD 1.3 SSE, NY US",New York,40.93,-72.67,13.1,2010-12-13,,,,,,
US1NYSF0002,"RIVERHEAD 1.3 SSE, NY US",New York,40.93,-72.67,13.1,2010-12-14,,,,,,
US1NYSF0002,"RIVERHEAD 1.3 SSE, NY US",New York,40.93,-72.67,13.1,2010-12-15,,,,,,
US1NYSF0002,"RIVERHEAD 1.3 SSE, NY US",New York,40.93,-72.67,13.1,2010-12-16,,,,,,
US1NYSF0002,"RIVERHEAD 1.3 SSE, NY US",New York,40.93,-72.67,13.1,2010-12-17,,,,,,
US1NYSF0002,"RIVERHEAD 1.3 SSE, NY US",New York,40.93,-72.67,13.1,2010-12-18,,,,,,
US1NYSF0002,"RIVERHEAD 1.3 SSE, NY US",New York,40.93,-72.67,13.1,2010-12-19,,,,,,
US1NYNS0007,"FLORAL PARK 0.4 W, NY US",New York,40.7229996,-73.7109985,24.1,2010-01-01,,,,,,
US1NYNS0007,"FLORAL PARK 0.4 W, NY US",New York,40.7229996,-73.7109985,24.1,2010-01-02,,,,,,
US1NYNS0007,"FLORAL PARK 0.4 W, NY US",New York,40.7229996,-73.7109985,24.1,2010-01-03,,,,,,
US1NYNS0007,"FLORAL PARK 0.4 W, NY US",New York,40.7229996,-73.7109985,24.1,2010-01-04,,,,,,
US1NYNS0007,"FLORAL PARK 0.4 W, NY US",New York,40.7229996,-73.7109985,24.1,2010-01-05,,,,,,
US1NYNS0007,"FLORAL PARK 0.4 W, NY US",New York,40.7229996,-73.7109985,24.1,2010-01-06,,,,,,
US1NYNS0007,"FLORAL PARK 0.4 W, NY US",New York,40.7229996,-73.7109985,24.1,2010-01-07,,,,,,
US1NYNS0007,"FLORAL PARK 0.4 W, NY US",New York,40.7229996,-73.7109985,24.1,2010-01-08,,,,,,
US1NYNS0007,"FLORAL PARK 0.4 W, NY US",New York,40.7229996,-73.7109985,24.1,2010-01-09,,,,,,
US1NYNS0007,"FLORAL PARK 0.4 W, NY US",New York,40.7229996,-73.7109985,24.1,2010-01-10,,,,,,
US1NYNS0007,"FLORAL PARK 0.4 W, NY US",New York,40.7229996,-73.7109985,24.1,2010-01-11,,,,,,
US1NYNS0007,"FLORAL PARK 0.4 W, NY US",New York,40.7229996,-73.7109985,24.1,2010-01-12,,,,,,
US1NYNS0007,"FLORAL PARK 0.4 W, NY US",New York,40.7229996,-73.7109985,24.1,2010-01-13,,,,,,
US1NYNS0007,"FLORAL PARK 0.4 W, NY US",New York,40.7229996,-73.7109985,24.1,2010-01-14,,,,,,
US1NYNS0007,"FLORAL PARK 0.4 W, NY US",New York,40.7229996,-73.7109985,24.1,2010-01-15,,,,,,
US1NYNS0007,"FLORAL PARK 0.4 W, NY US",New York,40.7229996,-73.7109985,24.1,2010-01-16,,,,,,
US1NYNS0007,"FLORAL PARK 0.4 W, NY US",New York,40.7229996,-73.7109985,24.1,2010-01-17,,,,,,
US1NYNS0007,"FLORAL PARK 0.4 W, NY US",New York,40.7229996,-73.7109985,24.1,2010-01-18,,,,,,
US1NYNS0007,"FLORAL PARK 0.4 W, NY US",New York,40.7229996,-73.7109985,24.1,2010-01-19,,,,,,
US1NYNS0007,"FLORAL PARK 0.4 W, NY US",New York,40.7229996,-73.7109985,24.1,2010-01-20,,,,,,
US1NYNS0007,"FLORAL PARK 0.4 W, NY US",New York,40.7229996,-73.7109985,24.1,2010-01-21,,,,,,
US1NYNS0007,"FLORAL PARK 0.4 W, NY US",New York,40.7229996,-73.7109985,24.1,2010-01-22,,,,,,
US1NYNS0007,"FLORAL PARK 0.4 W, NY US",New York,40.7229996,-73.7109985,24.1,2010-01-23,,,,,,
US1NYNS0007,"FLORAL PARK 0.4 W, NY US",New York,40.7229996,-73.7109985,24.1,2010-01-24,,,,,,
US1NYNS0007,"FLORAL PARK 0.4 W, NY US",New York,40.7229996,-73.7109985,24.1,2010-01-25,,,,,,
US1NYNS0007,"FLORAL PARK 0.4 W, NY US",New York,40.7229996,-73.7109985,24.1,2010-01-26,,,,,,
US1NYNS0007,"FLORAL PARK 0.4 W, NY US",New York,40.7229996,-73.7109985,24.1,2010-01-27,,,,,,
US1NYNS0007,"FLORAL PARK 0.4 W, NY US",New York,40.7229996,-73.7109985,24.1,2010-01-28,,,,,,
US1NYNS0007,"FLORAL PARK 0.4 W, NY US",New York,40.7229996,-73.7109985,24.1,2010-01-29,,,,,,
US1NYNS0007,"FLORAL PARK 0.4 W, NY US",New York,40.7229996,-73.7109985,24.1,2010-01-30,,,,,,
US1NYNS0007,"FLORAL PARK 0.4 W, NY US",New York,40.7229996,-73.7109985,24.1,2010-01-31,,,,,,
US1NYNS0007,"FLORAL PARK 0.4 W, NY US",New York,40.7229996,-73.7109985,24.1,2010-02-01,,,,,,
US1NYNS0007,"FLORAL PARK 0.4 W, NY US",New York,40.7229996,-73.7109985,24.1,2010-02-02,,,,,,
US1NYNS0007,"FLORAL PARK 0.4 W, NY US",New York,40.7229996,-73.7109985,24.1,2010-02-03,,,,,,
US1NYNS0007,"FLORAL PARK 0.4 W, NY US",New York,40.7229996,-73.7109985,24.1,2010-02-04,,,,,,
US1NYNS0007,"FLORAL PARK 0.4 W, NY US",New York,40.7229996,-73.7109985,24.1,2010-02-05,,,,,,
US1NYNS0007,"FLORAL PARK 0.4 W, NY US",New York,40.7229996,-73.7109985,24.1,2010-02-06,,,,,,
US1NYNS0007,"FLORAL PARK 0.4 W, NY US",New York,40.7229996,-73.7109985,24.1,2010-02-07,,,,,,
US1NYNS0007,"FLORAL PARK 0.4 W, NY US",New York,40.7229996,-73.7109985,24.1,2010-02-08,,,,,,
US1NYNS0007,"FLORAL PARK 0.4 W, NY US",New York,40.7229996,-73.7109985,24.1,2010-02-09,,,,,,
US1NYNS0007,"FLORAL PARK 0.4 W, NY US",New York,40.7229996,-73.7109985,24.1,2010-02-10,,,,,,
US1NYNS0007,"FLORAL PARK 0.4 W, NY US",New York,40.7229996,-73.7109985,24.1,2010-02-11,,,,,,
US1NYNS0007,"FLORAL PARK 0.4 W, NY US",New York,40.7229996,-73.7109985,24.1,2010-02-12,,,,,,
US1NYNS0007,"FLORAL PARK 0.4 W, NY US",New York,40.7229996,-73.7109985,24.1,2010-02-13,,,,,,
US1NYNS0007,"FLORAL PARK 0.4 W, NY US",New York,40.7229996,-73.7109985,24.1,2010-02-14,,,,,,
US1NYNS0007,"FLORAL PARK 0.4 W, NY US",New York,40.7229996,-73.7109985,24.1,2010-02-15,,,,,,
US1NYNS0007,"FLORAL PARK 0.4 W, NY US",New York,40.7229996,-73.7109985,24.1,2010-02-16,,,,,,
US1NYNS0007,"FLORAL PARK 0.4 W, NY US",New York,40.7229996,-73.7109985,24.1,2010-02-17,,,,,,
US1NYNS0007,"FLORAL PARK 0.4 W, NY US",New York,40.7229996,-73.7109985,24.1,2010-02-19,,,,,,
US1NYNS0007,"FLORAL PARK 0.4 W, NY US",New York,40.7229996,-73.7109985,24.1,2010-02-20,,,,,,
US1NYNS0007,"FLORAL PARK 0.4 W, NY US",New York,40.7229996,-73.7109985,24.1,2010-02-21,,,,,,
US1NYNS0007,"FLORAL PARK 0.4 W, NY US",New York,40.7229996,-73.7109985,24.1,2010-02-22,,,,,,
US1NYNS0007,"FLORAL PARK 0.4 W, NY US",New York,40.7229996,-73.7109985,24.1,2010-02-23,,,,,,
US1NYNS0007,"FLORAL PARK 0.4 W, NY US",New York,40.7229996,-73.7109985,24.1,2010-02-24,,,,,,
US1NYNS0007,"FLORAL PARK 0.4 W, NY US",New York,40.7229996,-73.7109985,24.1,2010-02-25,,,,,,
US1NYNS0007,"FLORAL PARK 0.4 W, NY US",New York,40.7229996,-73.7109985,24.1,2010-02-26,,,,,,
US1NYNS0007,"FLORAL PARK 0.4 W, NY US",New York,40.7229996,-73.7109985,24.1,2010-02-28,,,,,,
US1NYNS0007,"FLORAL PARK 0.4 W, NY US",New York,40.7229996,-73.7109985,24.1,2010-03-01,,,,,,
US1NYNS0007,"FLORAL PARK 0.4 W, NY US",New York,40.7229996,-73.7109985,24.1,2010-03-02,,,,,,
US1NYNS0007,"FLORAL PARK 0.4 W, NY US",New York,40.7229996,-73.7109985,24.1,2010-03-03,,,,,,
US1NYNS0007,"FLORAL PARK 0.4 W, NY US",New York,40.7229996,-73.7109985,24.1,2010-03-04,,,,,,
US1NYNS0007,"FLORAL PARK 0.4 W, NY US",New York,40.7229996,-73.7109985,24.1,2010-03-05,,,,,,
US1NYNS0007,"FLORAL PARK 0.4 W, NY US",New York,40.7229996,-73.7109985,24.1,2010-03-06,,,,,,
US1NYNS0007,"FLORAL PARK 0.4 W, NY US",New York,40.7229996,-73.7109985,24.1,2010-03-07,,,,,,
US1NYNS0007,"FLORAL PARK 0.4 W, NY US",New York,40.7229996,-73.7109985,24.1,2010-03-08,,,,,,
US1NYNS0007,"FLORAL PARK 0.4 W, NY US",New York,40.7229996,-73.7109985,24.1,2010-03-09,,,,,,
US1NYNS0007,"FLORAL PARK 0.4 W, NY US",New York,40.7229996,-73.7109985,24.1,2010-03-10,,,,,,
US1NYNS0007,"FLORAL PARK 0.4 W, NY US",New York,40.7229996,-73.7109985,24.1,2010-03-11,,,,,,
US1NYNS0007,"FLORAL PARK 0.4 W, NY US",New York,40.7229996,-73.7109985,24.1,2010-03-12,,,,,,
US1NYNS0007,"FLORAL PARK 0.4 W, NY US",New York,40.7229996,-73.7109985,24.1,2010-03-13,,,,,,
US1NYNS0007,"FLORAL PARK 0.4 W, NY US",New York,40.7229996,-73.7109985,24.1,2010-03-14,,,,,,
US1NYNS0007,"FLORAL PARK 0.4 W, NY US",New York,40.7229996,-73.7109985,24.1,2010-03-15,,,,,,
US1NYNS0007,"FLORAL PARK 0.4 W, NY US",New York,40.7229996,-73.7109985,24.1,2010-03-16,,,,,,
US1NYNS0007,"FLORAL PARK 0.4 W, NY US",New York,40.7229996,-73.7109985,24.1,2010-03-17,,,,,,
US1NYNS0007,"FLORAL PARK 0.4 W, NY US",New York,40.7229996,-73.7109985,24.1,2010-03-18,,,,,,
US1NYNS0007,"FLORAL PARK 0.4 W, NY US",New York,40.7229996,-73.7109985,24.1,2010-03-19,,,,,,
US1NYNS0007,"FLORAL PARK 0.4 W, NY US",New York,40.7229996,-73.7109985,24.1,2010-03-21,,,,,,
US1NYNS0007,"FLORAL PARK 0.4 W, NY US",New York,40.7229996,-73.7109985,24.1,2010-03-22,,,,,,
US1NYNS0007,"FLORAL PARK 0.4 W, NY US",New York,40.7229996,-73.7109985,24.1,2010-03-23,,,,,,
US1NYNS0007,"FLORAL PARK 0.4 W, NY US",New York,40.7229996,-73.7109985,24.1,2010-03-24,,,,,,
US1NYNS0007,"FLORAL PARK 0.4 W, NY US",New York,40.7229996,-73.7109985,24.1,2010-03-25,,,,,,
US1NYNS0007,"FLORAL PARK 0.4 W, NY US",New York,40.7229996,-73.7109985,24.1,2010-03-26,,,,,,
US1NYNS0007,"FLORAL PARK 0.4 W, NY US",New York,40.7229996,-73.7109985,24.1,2010-03-27,,,,,,
US1NYNS0007,"FLORAL PARK 0.4 W, NY US",New York,40.7229996,-73.7109985,24.1,2010-03-28,,,,,,
US1NYNS0007,"FLORAL PARK 0.4 W, NY US",New York,40.7229996,-73.7109985,24.1,2010-03-29,,,,,,
US1NYNS0007,"FLORAL PARK 0.4 W, NY US",New York,40.7229996,-73.7109985,24.1,2010-03-30,,,,,,
US1NYNS0007,"FLORAL PARK 0.4 W, NY US",New York,40.7229996,-73.7109985,24.1,2010-03-31,,,,,,
US1NYNS0007,"FLORAL PARK 0.4 W, NY US",New York,40.7229996,-73.7109985,24.1,2010-04-01,,,,,,
US1NYNS0007,"FLORAL PARK 0.4 W, NY US",New York,40.7229996,-73.7109985,24.1,2010-04-02,,,,,,
US1NYNS0007,"FLORAL PARK 0.4 W, NY US",New York,40.7229996,-73.7109985,24.1,2010-04-03,,,,,,
US1NYNS0007,"FLORAL PARK 0.4 W, NY US",New York,40.7229996,-73.7109985,24.1,2010-04-04,,,,,,
US1NYNS0007,"FLORAL PARK 0.4 W, NY US",New York,40.7229996,-73.7109985,24.1,2010-04-05,,,,,,
US1NYNS0007,"FLORAL PARK 0.4 W, NY US",New York,40.7229996,-73.7109985,24.1,2010-04-06,,,,,,
US1NYNS0007,"FLORAL PARK 0.4 W, NY US",New York,40.7229996,-73.7109985,24.1,2010-04-07,,,,,,
US1NYNS0007,"FLORAL PARK 0.4 W, NY US",New York,40.7229996,-73.7109985,24.1,2010-04-08,,,,,,
US1NYNS0007,"FLORAL PARK 0.4 W, NY US",New York,40.7229996,-73.7109985,24.1,2010-04-09,,,,,,
US1NYNS0007,"FLORAL PARK 0.4 W, NY US",New York,40.7229996,-73.7109985,24.1,2010-04-10,,,,,,
US1NYNS0007,"FLORAL PARK 0.4 W, NY US",New York,40.7229996,-73.7109985,24.1,2010-04-11,,,,,,
US1NYNS0007,"FLORAL PARK 0.4 W, NY US",New York,40.7229996,-73.7109985,24.1,2010-04-12,,,,,,
US1NYNS0007,"FLORAL PARK 0.4 W, NY US",New York,40.7229996,-73.7109985,24.1,2010-04-14,,,,,,
US1NYNS0007,"FLORAL PARK 0.4 W, NY US",New York,40.7229996,-73.7109985,24.1,2010-04-15,,,,,,
US1NYNS0007,"FLORAL PARK 0.4 W, NY US",New York,40.7229996,-73.7109985,24.1,2010-04-16,,,,,,
US1NYNS0007,"FLORAL PARK 0.4 W, NY US",New York,40.7229996,-73.7109985,24.1,2010-04-17,,,,,,
US1NYNS0007,"FLORAL PARK 0.4 W, NY US",New York,40.7229996,-73.7109985,24.1,2010-04-18,,,,,,
US1NYNS0007,"FLORAL PARK 0.4 W, NY US",New York,40.7229996,-73.7109985,24.1,2010-04-19,,,,,,
US1NYNS0007,"FLORAL PARK 0.4 W, NY US",New York,40.7229996,-73.7109985,24.1,2010-04-20,,,,,,
US1NYNS0007,"FLORAL PARK 0.4 W, NY US",New York,40.7229996,-73.7109985,24.1,2010-04-22,,,,,,
US1NYNS0007,"FLORAL PARK 0.4 W, NY US",New York,40.7229996,-73.7109985,24.1,2010-04-23,,,,,,
US1NYNS0007,"FLORAL PARK 0.4 W, NY US",New York,40.7229996,-73.7109985,24.1,2010-04-24,,,,,,
US1NYNS0007,"FLORAL PARK 0.4 W, NY US",New York,40.7229996,-73.7109985,24.1,2010-04-25,,,,,,
US1NYNS0007,"FLORAL PARK 0.4 W, NY US",New York,40.7229996,-73.7109985,24.1,2010-04-26,,,,,,
US1NYNS0007,"FLORAL PARK 0.4 W, NY US",New York,40.7229996,-73.7109985,24.1,2010-04-27,,,,,,
US1NYNS0007,"FLORAL PARK 0.4 W, NY US",New York,40.7229996,-73.7109985,24.1,2010-04-28,,,,,,
US1NYNS0007,"FLORAL PARK 0.4 W, NY US",New York,40.7229996,-73.7109985,24.1,2010-04-29,,,,,,
US1NYNS0007,"FLORAL PARK 0.4 W, NY US",New York,40.7229996,-73.7109985,24.1,2010-04-30,,,,,,
US1NYNS0007,"FLORAL PARK 0.4 W, NY US",New York,40.7229996,-73.7109985,24.1,2010-05-01,,,,,,
US1NYNS0007,"FLORAL PARK 0.4 W, NY US",New York,40.7229996,-73.7109985,24.1,2010-05-02,,,,,,
US1NYNS0007,"FLORAL PARK 0.4 W, NY US",New York,40.7229996,-73.7109985,24.1,2010-05-03,,,,,,
US1NYNS0007,"FLORAL PARK 0.4 W, NY US",New York,40.7229996,-73.7109985,24.1,2010-05-04,,,,,,
US1NYNS0007,"FLORAL PARK 0.4 W, NY US",New York,40.7229996,-73.7109985,24.1,2010-05-05,,,,,,
US1NYNS0007,"FLORAL PARK 0.4 W, NY US",New York,40.7229996,-73.7109985,24.1,2010-05-06,,,,,,
US1NYNS0007,"FLORAL PARK 0.4 W, NY US",New York,40.7229996,-73.7109985,24.1,2010-05-07,,,,,,
US1NYNS0007,"FLORAL PARK 0.4 W, NY US",New York,40.7229996,-73.7109985,24.1,2010-05-08,,,,,,
US1NYNS0007,"FLORAL PARK 0.4 W, NY US",New York,40.7229996,-73.7109985,24.1,2010-05-09,,,,,,
US1NYNS0007,"FLORAL PARK 0.4 W, NY US",New York,40.7229996,-73.7109985,24.1,2010-05-10,,,,,,
US1NYNS0007,"FLORAL PARK 0.4 W, NY US",New York,40.7229996,-73.7109985,24.1,2010-05-11,,,,,,
US1NYNS0007,"FLORAL PARK 0.4 W, NY US",New York,40.7229996,-73.7109985,24.1,2010-05-12,,,,,,
US1NYNS0007,"FLORAL PARK 0.4 W, NY US",New York,40.7229996,-73.7109985,24.1,2010-05-13,,,,,,
US1NYNS0007,"FLORAL PARK 0.4 W, NY US",New York,40.7229996,-73.7109985,24.1,2010-05-15,,,,,,
US1NYNS0007,"FLORAL PARK 0.4 W, NY US",New York,40.7229996,-73.7109985,24.1,2010-05-16,,,,,,
US1NYNS0007,"FLORAL PARK 0.4 W, NY US",New York,40.7229996,-73.7109985,24.1,2010-05-17,,,,,,
US1NYNS0007,"FLORAL PARK 0.4 W, NY US",New York,40.7229996,-73.7109985,24.1,2010-05-18,,,,,,
US1NYNS0007,"FLORAL PARK 0.4 W, NY US",New York,40.7229996,-73.7109985,24.1,2010-05-19,,,,,,
US1NYNS0007,"FLORAL PARK 0.4 W, NY US",New York,40.7229996,-73.7109985,24.1,2010-05-20,,,,,,
US1NYNS0007,"FLORAL PARK 0.4 W, NY US",New York,40.7229996,-73.7109985,24.1,2010-05-21,,,,,,
US1NYNS0007,"FLORAL PARK 0.4 W, NY US",New York,40.7229996,-73.7109985,24.1,2010-05-22,,,,,,
US1NYNS0007,"FLORAL PARK 0.4 W, NY US",New York,40.7229996,-73.7109985,24.1,2010-05-23,,,,,,
US1NYNS0007,"FLORAL PARK 0.4 W, NY US",New York,40.7229996,-73.7109985,24.1,2010-05-24,,,,,,
US1NYNS0007,"FLORAL PARK 0.4 W, NY US",New York,40.7229996,-73.7109985,24.1,2010-05-30,,,,,,
US1NYNS0007,"FLORAL PARK 0.4 W, NY US",New York,40.7229996,-73.7109985,24.1,2010-05-31,,,,,,
US1NYNS0007,"FLORAL PARK 0.4 W, NY US",New York,40.7229996,-73.7109985,24.1,2010-06-01,,,,,,
US1NYNS0007,"FLORAL PARK 0.4 W, NY US",New York,40.7229996,-73.7109985,24.1,2010-06-02,,,,,,
US1NYNS0007,"FLORAL PARK 0.4 W, NY US",New York,40.7229996,-73.7109985,24.1,2010-06-03,,,,,,
US1NYNS0007,"FLORAL PARK 0.4 W, NY US",New York,40.7229996,-73.7109985,24.1,2010-06-04,,,,,,
US1NYNS0007,"FLORAL PARK 0.4 W, NY US",New York,40.7229996,-73.7109985,24.1,2010-06-05,,,,,,
US1NYNS0007,"FLORAL PARK 0.4 W, NY US",New York,40.7229996,-73.7109985,24.1,2010-06-06,,,,,,
US1NYNS0007,"FLORAL PARK 0.4 W, NY US",New York,40.7229996,-73.7109985,24.1,2010-06-07,,,,,,
US1NYNS0007,"FLORAL PARK 0.4 W, NY US",New York,40.7229996,-73.7109985,24.1,2010-06-08,,,,,,
US1NYNS0007,"FLORAL PARK 0.4 W, NY US",New York,40.7229996,-73.7109985,24.1,2010-06-09,,,,,,
US1NYNS0007,"FLORAL PARK 0.4 W, NY US",New York,40.7229996,-73.7109985,24.1,2010-06-10,,,,,,
US1NYNS0007,"FLORAL PARK 0.4 W, NY US",New York,40.7229996,-73.7109985,24.1,2010-06-11,,,,,,
US1NYNS0007,"FLORAL PARK 0.4 W, NY US",New York,40.7229996,-73.7109985,24.1,2010-06-12,,,,,,
US1NYNS0007,"FLORAL PARK 0.4 W, NY US",New York,40.7229996,-73.7109985,24.1,2010-06-13,,,,,,
US1NYNS0007,"FLORAL PARK 0.4 W, NY US",New York,40.7229996,-73.7109985,24.1,2010-06-14,,,,,,
US1NYNS0007,"FLORAL PARK 0.4 W, NY US",New York,40.7229996,-73.7109985,24.1,2010-06-15,,,,,,
US1NYNS0007,"FLORAL PARK 0.4 W, NY US",New York,40.7229996,-73.7109985,24.1,2010-06-16,,,,,,
US1NYNS0007,"FLORAL PARK 0.4 W, NY US",New York,40.7229996,-73.7109985,24.1,2010-06-17,,,,,,
US1NYNS0007,"FLORAL PARK 0.4 W, NY US",New York,40.7229996,-73.7109985,24.1,2010-06-18,,,,,,
US1NYNS0007,"FLORAL PARK 0.4 W, NY US",New York,40.7229996,-73.7109985,24.1,2010-06-19,,,,,,
US1NYNS0007,"FLORAL PARK 0.4 W, NY US",New York,40.7229996,-73.7109985,24.1,2010-06-21,,,,,,
US1NYNS0007,"FLORAL PARK 0.4 W, NY US",New York,40.7229996,-73.7109985,24.1,2010-06-22,,,,,,
US1NYNS0007,"FLORAL PARK 0.4 W, NY US",New York,40.7229996,-73.7109985,24.1,2010-06-23,,,,,,
US1NYNS0007,"FLORAL PARK 0.4 W, NY US",New York,40.7229996,-73.7109985,24.1,2010-06-24,,,,,,
US1NYNS0007,"FLORAL PARK 0.4 W, NY US",New York,40.7229996,-73.7109985,24.1,2010-06-25,,,,,,
US1NYNS0007,"FLORAL PARK 0.4 W, NY US",New York,40.7229996,-73.7109985,24.1,2010-06-26,,,,,,
US1NYNS0007,"FLORAL PARK 0.4 W, NY US",New York,40.7229996,-73.7109985,24.1,2010-06-27,,,,,,
US1NYNS0007,"FLORAL PARK 0.4 W, NY US",New York,40.7229996,-73.7109985,24.1,2010-06-28,,,,,,
US1NYNS0007,"FLORAL PARK 0.4 W, NY US",New York,40.7229996,-73.7109985,24.1,2010-06-29,,,,,,
US1NYNS0007,"FLORAL PARK 0.4 W, NY US",New York,40.7229996,-73.7109985,24.1,2010-06-30,,,,,,
US1NYNS0007,"FLORAL PARK 0.4 W, NY US",New York,40.7229996,-73.7109985,24.1,2010-07-01,,,,,,
US1NYNS0007,"FLORAL PARK 0.4 W, NY US",New York,40.7229996,-73.7109985,24.1,2010-07-02,,,,,,
US1NYNS0007,"FLORAL PARK 0.4 W, NY US",New York,40.7229996,-73.7109985,24.1,2010-07-03,,,,,,
US1NYNS0007,"FLORAL PARK 0.4 W, NY US",New York,40.7229996,-73.7109985,24.1,2010-07-04,,,,,,
US1NYNS0007,"FLORAL PARK 0.4 W, NY US",New York,40.7229996,-73.7109985,24.1,2010-07-05,,,,,,
US1NYNS0007,"FLORAL PARK 0.4 W, NY US",New York,40.7229996,-73.7109985,24.1,2010-07-06,,,,,,
US1NYNS0007,"FLORAL PARK 0.4 W, NY US",New York,40.7229996,-73.7109985,24.1,2010-07-07,,,,,,
US1NYNS0007,"FLORAL PARK 0.4 W, NY US",New York,40.7229996,-73.7109985,24.1,2010-07-08,,,,,,
US1NYNS0007,"FLORAL PARK 0.4 W, NY US",New York,40.7229996,-73.7109985,24.1,2010-07-09,,,,,,
US1NYNS0007,"FLORAL PARK 0.4 W, NY US",New York,40.7229996,-73.7109985,24.1,2010-07-10,,,,,,
US1NYNS0007,"FLORAL PARK 0.4 W, NY US",New York,40.7229996,-73.7109985,24.1,2010-07-11,,,,,,
US1NYNS0007,"FLORAL PARK 0.4 W, NY US",New York,40.7229996,-73.7109985,24.1,2010-07-12,,,,,,
US1NYNS0007,"FLORAL PARK 0.4 W, NY US",New York,40.7229996,-73.7109985,24.1,2010-07-13,,,,,,
US1NYNS0007,"FLORAL PARK 0.4 W, NY US",New York,40.7229996,-73.7109985,24.1,2010-07-14,,,,,,
US1NYNS0007,"FLORAL PARK 0.4 W, NY US",New York,40.7229996,-73.7109985,24.1,2010-07-15,,,,,,
US1NYNS0007,"FLORAL PARK 0.4 W, NY US",New York,40.7229996,-73.7109985,24.1,2010-07-16,,,,,,
US1NYNS0007,"FLORAL PARK 0.4 W, NY US",New York,40.7229996,-73.7109985,24.1,2010-07-17,,,,,,
US1NYNS0007,"FLORAL PARK 0.4 W, NY US",New York,40.7229996,-73.7109985,24.1,2010-07-18,,,,,,
US1NYNS0007,"FLORAL PARK 0.4 W, NY US",New York,40.7229996,-73.7109985,24.1,2010-07-19,,,,,,
US1NYNS0007,"FLORAL PARK 0.4 W, NY US",New York,40.7229996,-73.7109985,24.1,2010-07-20,,,,,,
US1NYNS0007,"FLORAL PARK 0.4 W, NY US",New York,40.7229996,-73.7109985,24.1,2010-07-21,,,,,,
US1NYNS0007,"FLORAL PARK 0.4 W, NY US",New York,40.7229996,-73.7109985,24.1,2010-07-22,,,,,,
US1NYNS0007,"FLORAL PARK 0.4 W, NY US",New York,40.7229996,-73.7109985,24.1,2010-07-23,,,,,,
US1NYNS0007,"FLORAL PARK 0.4 W, NY US",New York,40.7229996,-73.7109985,24.1,2010-07-24,,,,,,
US1NYNS0007,"FLORAL PARK 0.4 W, NY US",New York,40.7229996,-73.7109985,24.1,2010-07-25,,,,,,
US1NYNS0007,"FLORAL PARK 0.4 W, NY US",New York,40.7229996,-73.7109985,24.1,2010-07-26,,,,,,
US1NYNS0007,"FLORAL PARK 0.4 W, NY US",New York,40.7229996,-73.7109985,24.1,2010-07-27,,,,,,
US1NYNS0007,"FLORAL PARK 0.4 W, NY US",New York,40.7229996,-73.7109985,24.1,2010-07-28,,,,,,
US1NYNS0007,"FLORAL PARK 0.4 W, NY US",New York,40.7229996,-73.7109985,24.1,2010-07-29,,,,,,
US1NYNS0007,"FLORAL PARK 0.4 W, NY US",New York,40.7229996,-73.7109985,24.1,2010-07-30,,,,,,
US1NYNS0007,"FLORAL PARK 0.4 W, NY US",New York,40.7229996,-73.7109985,24.1,2010-07-31,,,,,,
US1NYNS0007,"FLORAL PARK 0.4 W, NY US",New York,40.7229996,-73.7109985,24.1,2010-08-01,,,,,,
US1NYNS0007,"FLORAL PARK 0.4 W, NY US",New York,40.7229996,-73.7109985,24.1,2010-08-02,,,,,,
US1NYNS0007,"FLORAL PARK 0.4 W, NY US",New York,40.7229996,-73.7109985,24.1,2010-08-03,,,,,,
US1NYNS0007,"FLORAL PARK 0.4 W, NY US",New York,40.7229996,-73.7109985,24.1,2010-08-04,,,,,,
US1NYNS0007,"FLORAL PARK 0.4 W, NY US",New York,40.7229996,-73.7109985,24.1,2010-08-05,,,,,,
US1NYNS0007,"FLORAL PARK 0.4 W, NY US",New York,40.7229996,-73.7109985,24.1,2010-08-06,,,,,,
US1NYNS0007,"FLORAL PARK 0.4 W, NY US",New York,40.7229996,-73.7109985,24.1,2010-08-07,,,,,,
US1NYNS0007,"FLORAL PARK 0.4 W, NY US",New York,40.7229996,-73.7109985,24.1,2010-08-08,,,,,,
US1NYNS0007,"FLORAL PARK 0.4 W, NY US",New York,40.7229996,-73.7109985,24.1,2010-08-09,,,,,,
US1NYNS0007,"FLORAL PARK 0.4 W, NY US",New York,40.7229996,-73.7109985,24.1,2010-08-10,,,,,,
US1NYNS0007,"FLORAL PARK 0.4 W, NY US",New York,40.7229996,-73.7109985,24.1,2010-08-11,,,,,,
US1NYNS0007,"FLORAL PARK 0.4 W, NY US",New York,40.7229996,-73.7109985,24.1,2010-08-12,,,,,,
US1NYNS0007,"FLORAL PARK 0.4 W, NY US",New York,40.7229996,-73.7109985,24.1,2010-08-13,,,,,,
US1NYNS0007,"FLORAL PARK 0.4 W, NY US",New York,40.7229996,-73.7109985,24.1,2010-08-14,,,,,,
US1NYNS0007,"FLORAL PARK 0.4 W, NY US",New York,40.7229996,-73.7109985,24.1,2010-08-15,,,,,,
US1NYNS0007,"FLORAL PARK 0.4 W, NY US",New York,40.7229996,-73.7109985,24.1,2010-08-16,,,,,,
US1NYNS0007,"FLORAL PARK 0.4 W, NY US",New York,40.7229996,-73.7109985,24.1,2010-08-17,,,,,,
US1NYNS0007,"FLORAL PARK 0.4 W, NY US",New York,40.7229996,-73.7109985,24.1,2010-08-18,,,,,,
US1NYNS0007,"FLORAL PARK 0.4 W, NY US",New York,40.7229996,-73.7109985,24.1,2010-08-19,,,,,,
US1NYNS0007,"FLORAL PARK 0.4 W, NY US",New York,40.7229996,-73.7109985,24.1,2010-08-20,,,,,,
US1NYNS0007,"FLORAL PARK 0.4 W, NY US",New York,40.7229996,-73.7109985,24.1,2010-08-21,,,,,,
US1NYNS0007,"FLORAL PARK 0.4 W, NY US",New York,40.7229996,-73.7109985,24.1,2010-08-22,,,,,,
US1NYNS0007,"FLORAL PARK 0.4 W, NY US",New York,40.7229996,-73.7109985,24.1,2010-08-23,,,,,,
US1NYNS0007,"FLORAL PARK 0.4 W, NY US",New York,40.7229996,-73.7109985,24.1,2010-08-24,,,,,,
US1NYNS0007,"FLORAL PARK 0.4 W, NY US",New York,40.7229996,-73.7109985,24.1,2010-08-25,,,,,,
US1NYNS0007,"FLORAL PARK 0.4 W, NY US",New York,40.7229996,-73.7109985,24.1,2010-08-26,,,,,,
US1NYNS0007,"FLORAL PARK 0.4 W, NY US",New York,40.7229996,-73.7109985,24.1,2010-08-27,,,,,,
US1NYNS0007,"FLORAL PARK 0.4 W, NY US",New York,40.7229996,-73.7109985,24.1,2010-08-28,,,,,,
US1NYNS0007,"FLORAL PARK 0.4 W, NY US",New York,40.7229996,-73.7109985,24.1,2010-08-29,,,,,,
US1NYNS0007,"FLORAL PARK 0.4 W, NY US",New York,40.7229996,-73.7109985,24.1,2010-08-30,,,,,,
US1NYNS0007,"FLORAL PARK 0.4 W, NY US",New York,40.7229996,-73.7109985,24.1,2010-08-31,,,,,,
US1NYNS0007,"FLORAL PARK 0.4 W, NY US",New York,40.7229996,-73.7109985,24.1,2010-09-01,,,,,,
US1NYNS0007,"FLORAL PARK 0.4 W, NY US",New York,40.7229996,-73.7109985,24.1,2010-09-02,,,,,,
US1NYNS0007,"FLORAL PARK 0.4 W, NY US",New York,40.7229996,-73.7109985,24.1,2010-09-03,,,,,,
US1NYNS0007,"FLORAL PARK 0.4 W, NY US",New York,40.7229996,-73.7109985,24.1,2010-09-04,,,,,,
US1NYNS0007,"FLORAL PARK 0.4 W, NY US",New York,40.7229996,-73.7109985,24.1,2010-09-05,,,,,,
US1NYNS0007,"FLORAL PARK 0.4 W, NY US",New York,40.7229996,-73.7109985,24.1,2010-09-06,,,,,,
US1NYNS0007,"FLORAL PARK 0.4 W, NY US",New York,40.7229996,-73.7109985,24.1,2010-09-07,,,,,,
US1NYNS0007,"FLORAL PARK 0.4 W, NY US",New York,40.7229996,-73.7109985,24.1,2010-09-08,,,,,,
US1NYNS0007,"FLORAL PARK 0.4 W, NY US",New York,40.7229996,-73.7109985,24.1,2010-09-09,,,,,,
US1NYNS0007,"FLORAL PARK 0.4 W, NY US",New York,40.7229996,-73.7109985,24.1,2010-09-10,,,,,,
US1NYNS0007,"FLORAL PARK 0.4 W, NY US",New York,40.7229996,-73.7109985,24.1,2010-09-11,,,,,,
US1NYNS0007,"FLORAL PARK 0.4 W, NY US",New York,40.7229996,-73.7109985,24.1,2010-09-12,,,,,,
US1NYNS0007,"FLORAL PARK 0.4 W, NY US",New York,40.7229996,-73.7109985,24.1,2010-09-13,,,,,,
US1NYNS0007,"FLORAL PARK 0.4 W, NY US",New York,40.7229996,-73.7109985,24.1,2010-09-14,,,,,,
US1NYNS0007,"FLORAL PARK 0.4 W, NY US",New York,40.7229996,-73.7109985,24.1,2010-09-15,,,,,,
US1NYNS0007,"FLORAL PARK 0.4 W, NY US",New York,40.7229996,-73.7109985,24.1,2010-09-16,,,,,,
US1NYNS0007,"FLORAL PARK 0.4 W, NY US",New York,40.7229996,-73.7109985,24.1,2010-09-17,,,,,,
US1NYNS0007,"FLORAL PARK 0.4 W, NY US",New York,40.7229996,-73.7109985,24.1,2010-09-18,,,,,,
US1NYNS0007,"FLORAL PARK 0.4 W, NY US",New York,40.7229996,-73.7109985,24.1,2010-09-19,,,,,,
US1NYNS0007,"FLORAL PARK 0.4 W, NY US",New York,40.7229996,-73.7109985,24.1,2010-09-20,,,,,,
US1NYNS0007,"FLORAL PARK 0.4 W, NY US",New York,40.7229996,-73.7109985,24.1,2010-09-21,,,,,,
US1NYNS0007,"FLORAL PARK 0.4 W, NY US",New York,40.7229996,-73.7109985,24.1,2010-09-22,,,,,,
US1NYNS0007,"FLORAL PARK 0.4 W, NY US",New York,40.7229996,-73.7109985,24.1,2010-09-23,,,,,,
US1NYNS0007,"FLORAL PARK 0.4 W, NY US",New York,40.7229996,-73.7109985,24.1,2010-09-25,,,,,,
US1NYNS0007,"FLORAL PARK 0.4 W, NY US",New York,40.7229996,-73.7109985,24.1,2010-09-26,,,,,,
US1NYNS0007,"FLORAL PARK 0.4 W, NY US",New York,40.7229996,-73.7109985,24.1,2010-09-27,,,,,,
US1NYNS0007,"FLORAL PARK 0.4 W, NY US",New York,40.7229996,-73.7109985,24.1,2010-09-28,,,,,,
US1NYNS0007,"FLORAL PARK 0.4 W, NY US",New York,40.7229996,-73.7109985,24.1,2010-09-29,,,,,,
US1NYNS0007,"FLORAL PARK 0.4 W, NY US",New York,40.7229996,-73.7109985,24.1,2010-09-30,,,,,,
US1NYNS0007,"FLORAL PARK 0.4 W, NY US",New York,40.7229996,-73.7109985,24.1,2010-10-01,,,,,,
US1NYNS0007,"FLORAL PARK 0.4 W, NY US",New York,40.7229996,-73.7109985,24.1,2010-10-02,,,,,,
US1NYNS0007,"FLORAL PARK 0.4 W, NY US",New York,40.7229996,-73.7109985,24.1,2010-10-03,,,,,,
US1NYNS0007,"FLORAL PARK 0.4 W, NY US",New York,40.7229996,-73.7109985,24.1,2010-10-04,,,,,,
US1NYNS0007,"FLORAL PARK 0.4 W, NY US",New York,40.7229996,-73.7109985,24.1,2010-10-05,,,,,,
US1NYNS0007,"FLORAL PARK 0.4 W, NY US",New York,40.7229996,-73.7109985,24.1,2010-10-06,,,,,,
US1NYNS0007,"FLORAL PARK 0.4 W, NY US",New York,40.7229996,-73.7109985,24.1,2010-10-07,,,,,,
US1NYNS0007,"FLORAL PARK 0.4 W, NY US",New York,40.7229996,-73.7109985,24.1,2010-10-08,,,,,,
US1NYNS0007,"FLORAL PARK 0.4 W, NY US",New York,40.7229996,-73.7109985,24.1,2010-10-09,,,,,,
US1NYNS0007,"FLORAL PARK 0.4 W, NY US",New York,40.7229996,-73.7109985,24.1,2010-10-10,,,,,,
US1NYNS0007,"FLORAL PARK 0.4 W, NY US",New York,40.7229996,-73.7109985,24.1,2010-10-11,,,,,,
US1NYNS0007,"FLORAL PARK 0.4 W, NY US",New York,40.7229996,-73.7109985,24.1,2010-10-12,,,,,,
US1NYNS0007,"FLORAL PARK 0.4 W, NY US",New York,40.7229996,-73.7109985,24.1,2010-10-13,,,,,,
US1NYNS0007,"FLORAL PARK 0.4 W, NY US",New York,40.7229996,-73.7109985,24.1,2010-10-14,,,,,,
US1NYNS0007,"FLORAL PARK 0.4 W, NY US",New York,40.7229996,-73.7109985,24.1,2010-10-15,,,,,,
US1NYNS0007,"FLORAL PARK 0.4 W, NY US",New York,40.7229996,-73.7109985,24.1,2010-10-16,,,,,,
US1NYNS0007,"FLORAL PARK 0.4 W, NY US",New York,40.7229996,-73.7109985,24.1,2010-10-17,,,,,,
US1NYNS0007,"FLORAL PARK 0.4 W, NY US",New York,40.7229996,-73.7109985,24.1,2010-10-18,,,,,,
US1NYNS0007,"FLORAL PARK 0.4 W, NY US",New York,40.7229996,-73.7109985,24.1,2010-10-19,,,,,,
US1NYNS0007,"FLORAL PARK 0.4 W, NY US",New York,40.7229996,-73.7109985,24.1,2010-10-20,,,,,,
US1NYNS0007,"FLORAL PARK 0.4 W, NY US",New York,40.7229996,-73.7109985,24.1,2010-10-21,,,,,,
US1NYNS0007,"FLORAL PARK 0.4 W, NY US",New York,40.7229996,-73.7109985,24.1,2010-10-22,,,,,,
US1NYNS0007,"FLORAL PARK 0.4 W, NY US",New York,40.7229996,-73.7109985,24.1,2010-10-23,,,,,,
US1NYNS0007,"FLORAL PARK 0.4 W, NY US",New York,40.7229996,-73.7109985,24.1,2010-10-24,,,,,,
US1NYNS0007,"FLORAL PARK 0.4 W, NY US",New York,40.7229996,-73.7109985,24.1,2010-10-25,,,,,,
US1NYNS0007,"FLORAL PARK 0.4 W, NY US",New York,40.7229996,-73.7109985,24.1,2010-10-28,,,,,,
US1NYNS0007,"FLORAL PARK 0.4 W, NY US",New York,40.7229996,-73.7109985,24.1,2010-10-29,,,,,,
US1NYNS0007,"FLORAL PARK 0.4 W, NY US",New York,40.7229996,-73.7109985,24.1,2010-10-30,,,,,,
US1NYNS0007,"FLORAL PARK 0.4 W, NY US",New York,40.7229996,-73.7109985,24.1,2010-10-31,,,,,,
US1NYNS0007,"FLORAL PARK 0.4 W, NY US",New York,40.7229996,-73.7109985,24.1,2010-11-01,,,,,,
US1NYNS0007,"FLORAL PARK 0.4 W, NY US",New York,40.7229996,-73.7109985,24.1,2010-11-02,,,,,,
US1NYNS0007,"FLORAL PARK 0.4 W, NY US",New York,40.7229996,-73.7109985,24.1,2010-11-03,,,,,,
US1NYNS0007,"FLORAL PARK 0.4 W, NY US",New York,40.7229996,-73.7109985,24.1,2010-11-04,,,,,,
US1NYNS0007,"FLORAL PARK 0.4 W, NY US",New York,40.7229996,-73.7109985,24.1,2010-11-05,,,,,,
US1NYNS0007,"FLORAL PARK 0.4 W, NY US",New York,40.7229996,-73.7109985,24.1,2010-11-06,,,,,,
US1NYNS0007,"FLORAL PARK 0.4 W, NY US",New York,40.7229996,-73.7109985,24.1,2010-11-07,,,,,,
US1NYNS0007,"FLORAL PARK 0.4 W, NY US",New York,40.7229996,-73.7109985,24.1,2010-11-08,,,,,,
US1NYNS0007,"FLORAL PARK 0.4 W, NY US",New York,40.7229996,-73.7109985,24.1,2010-11-09,,,,,,
US1NYNS0007,"FLORAL PARK 0.4 W, NY US",New York,40.7229996,-73.7109985,24.1,2010-11-10,,,,,,
US1NYNS0007,"FLORAL PARK 0.4 W, NY US",New York,40.7229996,-73.7109985,24.1,2010-11-11,,,,,,
US1NYNS0007,"FLORAL PARK 0.4 W, NY US",New York,40.7229996,-73.7109985,24.1,2010-11-12,,,,,,
US1NYNS0007,"FLORAL PARK 0.4 W, NY US",New York,40.7229996,-73.7109985,24.1,2010-11-13,,,,,,
US1NYNS0007,"FLORAL PARK 0.4 W, NY US",New York,40.7229996,-73.7109985,24.1,2010-11-14,,,,,,
US1NYNS0007,"FLORAL PARK 0.4 W, NY US",New York,40.7229996,-73.7109985,24.1,2010-11-15,,,,,,
US1NYNS0007,"FLORAL PARK 0.4 W, NY US",New York,40.7229996,-73.7109985,24.1,2010-11-16,,,,,,
US1NYNS0007,"FLORAL PARK 0.4 W, NY US",New York,40.7229996,-73.7109985,24.1,2010-11-17,,,,,,
US1NYNS0007,"FLORAL PARK 0.4 W, NY US",New York,40.7229996,-73.7109985,24.1,2010-11-18,,,,,,
US1NYNS0007,"FLORAL PARK 0.4 W, NY US",New York,40.7229996,-73.7109985,24.1,2010-11-20,,,,,,
US1NYNS0007,"FLORAL PARK 0.4 W, NY US",New York,40.7229996,-73.7109985,24.1,2010-11-22,,,,,,
US1NYNS0007,"FLORAL PARK 0.4 W, NY US",New York,40.7229996,-73.7109985,24.1,2010-11-23,,,,,,
US1NYNS0007,"FLORAL PARK 0.4 W, NY US",New York,40.7229996,-73.7109985,24.1,2010-11-24,,,,,,
US1NYNS0007,"FLORAL PARK 0.4 W, NY US",New York,40.7229996,-73.7109985,24.1,2010-11-25,,,,,,
US1NYNS0007,"FLORAL PARK 0.4 W, NY US",New York,40.7229996,-73.7109985,24.1,2010-11-26,,,,,,
US1NYNS0007,"FLORAL PARK 0.4 W, NY US",New York,40.7229996,-73.7109985,24.1,2010-11-27,,,,,,
US1NYNS0007,"FLORAL PARK 0.4 W, NY US",New York,40.7229996,-73.7109985,24.1,2010-11-28,,,,,,
US1NYNS0007,"FLORAL PARK 0.4 W, NY US",New York,40.7229996,-73.7109985,24.1,2010-11-29,,,,,,
US1NYNS0007,"FLORAL PARK 0.4 W, NY US",New York,40.7229996,-73.7109985,24.1,2010-11-30,,,,,,
US1NYNS0007,"FLORAL PARK 0.4 W, NY US",New York,40.7229996,-73.7109985,24.1,2010-12-01,,,,,,
US1NYNS0007,"FLORAL PARK 0.4 W, NY US",New York,40.7229996,-73.7109985,24.1,2010-12-02,,,,,,
US1NYNS0007,"FLORAL PARK 0.4 W, NY US",New York,40.7229996,-73.7109985,24.1,2010-12-03,,,,,,
US1NYNS0007,"FLORAL PARK 0.4 W, NY US",New York,40.7229996,-73.7109985,24.1,2010-12-04,,,,,,
US1NYNS0007,"FLORAL PARK 0.4 W, NY US",New York,40.7229996,-73.7109985,24.1,2010-12-05,,,,,,
US1NYNS0007,"FLORAL PARK 0.4 W, NY US",New York,40.7229996,-73.7109985,24.1,2010-12-06,,,,,,
US1NYNS0007,"FLORAL PARK 0.4 W, NY US",New York,40.7229996,-73.7109985,24.1,2010-12-07,,,,,,
US1NYNS0007,"FLORAL PARK 0.4 W, NY US",New York,40.7229996,-73.7109985,24.1,2010-12-08,,,,,,
US1NYNS0007,"FLORAL PARK 0.4 W, NY US",New York,40.7229996,-73.7109985,24.1,2010-12-09,,,,,,
US1NYNS0007,"FLORAL PARK 0.4 W, NY US",New York,40.7229996,-73.7109985,24.1,2010-12-10,,,,,,
US1NYNS0007,"FLORAL PARK 0.4 W, NY US",New York,40.7229996,-73.7109985,24.1,2010-12-11,,,,,,
US1NYNS0007,"FLORAL PARK 0.4 W, NY US",New York,40.7229996,-73.7109985,24.1,2010-12-12,,,,,,
US1NYNS0007,"FLORAL PARK 0.4 W, NY US",New York,40.7229996,-73.7109985,24.1,2010-12-13,,,,,,
US1NYNS0007,"FLORAL PARK 0.4 W, NY US",New York,40.7229996,-73.7109985,24.1,2010-12-14,,,,,,
US1NYNS0007,"FLORAL PARK 0.4 W, NY US",New York,40.7229996,-73.7109985,24.1,2010-12-15,,,,,,
US1NYNS0007,"FLORAL PARK 0.4 W, NY US",New York,40.7229996,-73.7109985,24.1,2010-12-16,,,,,,
US1NYNS0007,"FLORAL PARK 0.4 W, NY US",New York,40.7229996,-73.7109985,24.1,2010-12-17,,,,,,
US1NYNS0007,"FLORAL PARK 0.4 W, NY US",New York,40.7229996,-73.7109985,24.1,2010-12-18,,,,,,
US1NYNS0007,"FLORAL PARK 0.4 W, NY US",New York,40.7229996,-73.7109985,24.1,2010-12-19,,,,,,
US1NYNS0007,"FLORAL PARK 0.4 W, NY US",New York,40.7229996,-73.7109985,24.1,2010-12-20,,,,,,
US1NYNS0007,"FLORAL PARK 0.4 W, NY US",New York,40.7229996,-73.7109985,24.1,2010-12-21,,,,,,
US1NYNS0007,"FLORAL PARK 0.4 W, NY US",New York,40.7229996,-73.7109985,24.1,2010-12-22,,,,,,
US1NYNS0007,"FLORAL PARK 0.4 W, NY US",New York,40.7229996,-73.7109985,24.1,2010-12-23,,,,,,
US1NYNS0007,"FLORAL PARK 0.4 W, NY US",New York,40.7229996,-73.7109985,24.1,2010-12-24,,,,,,
US1NYNS0007,"FLORAL PARK 0.4 W, NY US",New York,40.7229996,-73.7109985,24.1,2010-12-25,,,,,,
US1NYNS0007,"FLORAL PARK 0.4 W, NY US",New York,40.7229996,-73.7109985,24.1,2010-12-26,,,,,,
US1NYNS0007,"FLORAL PARK 0.4 W, NY US",New York,40.7229996,-73.7109985,24.1,2010-12-27,,,,,,
US1NYNS0007,"FLORAL PARK 0.4 W, NY US",New York,40.7229996,-73.7109985,24.1,2010-12-28,,,,,,
US1NYNS0007,"FLORAL PARK 0.4 W, NY US",New York,40.7229996,-73.7109985,24.1,2010-12-29,,,,,,
US1NYNS0007,"FLORAL PARK 0.4 W, NY US",New York,40.7229996,-73.7109985,24.1,2010-12-30,,,,,,
US1NYNS0007,"FLORAL PARK 0.4 W, NY US",New York,40.7229996,-73.7109985,24.1,2010-12-31,,,,,,
USC00304575,"LANSING MANOR, NY US",New York,42.4486,-74.4653,335.3,2010-01-01,,,,,,
USC00304575,"LANSING MANOR, NY US",New York,42.4486,-74.4653,335.3,2010-01-02,39,",,0",16,",,0",19,",,0,0800"
USC00304575,"LANSING MANOR, NY US",New York,42.4486,-74.4653,335.3,2010-01-03,21,",,0",8,",,0",8,",,0,0800"
USC00304575,"LANSING MANOR, NY US",New York,42.4486,-74.4653,335.3,2010-01-04,16,",,0",7,",,0",15,",,0,0800"
USC00304575,"LANSING MANOR, NY US",New York,42.4486,-74.4653,335.3,2010-01-05,23,",,0",5,",,0",14,",,0,0800"
USC00304575,"LANSING MANOR, NY US",New York,42.4486,-74.4653,335.3,2010-01-06,22,",,0",12,",,0",17,",,0,0800"
USC00304575,"LANSING MANOR, NY US",New York,42.4486,-74.4653,335.3,2010-01-07,26,",,0",16,",,0",25,",,0,0800"
USC00304575,"LANSING MANOR, NY US",New York,42.4486,-74.4653,335.3,2010-01-08,30,",,0",20,",,0",20,",,0,0800"
USC00304575,"LANSING MANOR, NY US",New York,42.4486,-74.4653,335.3,2010-01-09,22,",,0",8,",,0",11,",,0,0800"
USC00304575,"LANSING MANOR, NY US",New York,42.4486,-74.4653,335.3,2010-01-10,19,",,0",-6,",,0",4,",,0,0800"
USC00304575,"LANSING MANOR, NY US",New York,42.4486,-74.4653,335.3,2010-01-11,22,",,0",4,",,0",17,",,0,0800"
USC00304575,"LANSING MANOR, NY US",New York,42.4486,-74.4653,335.3,2010-01-12,22,",,0",11,",,0",22,",,0,0800"
USC00304575,"LANSING MANOR, NY US",New York,42.4486,-74.4653,335.3,2010-01-13,29,",,0",9,",,0",17,",,0,0800"
USC00304575,"LANSING MANOR, NY US",New York,42.4486,-74.4653,335.3,2010-01-14,24,",,0",14,",,0",22,",,0,0800"
USC00304575,"LANSING MANOR, NY US",New York,42.4486,-74.4653,335.3,2010-01-15,40,",,0",21,",,0",38,",,0,0800"
USC00304575,"LANSING MANOR, NY US",New York,42.4486,-74.4653,335.3,2010-01-16,40,",,0",20,",,0",34,",,0,0800"
USC00304575,"LANSING MANOR, NY US",New York,42.4486,-74.4653,335.3,2010-01-17,42,",,0",18,",,0",31,",,0,0800"
USC00304575,"LANSING MANOR, NY US",New York,42.4486,-74.4653,335.3,2010-01-18,36,",,0",23,",,0",31,",,0,0800"
USC00304575,"LANSING MANOR, NY US",New York,42.4486,-74.4653,335.3,2010-01-19,40,",,0",29,",,0",30,",,0,0800"
USC00304575,"LANSING MANOR, NY US",New York,42.4486,-74.4653,335.3,2010-01-20,35,",,0",24,",,0",27,",,0,0800"
USC00304575,"LANSING MANOR, NY US",New York,42.4486,-74.4653,335.3,2010-01-21,35,",,0",15,",,0",23,",,0,0800"
USC00304575,"LANSING MANOR, NY US",New York,42.4486,-74.4653,335.3,2010-01-22,35,",,0",15,",,0",23,",,0,0800"
USC00304575,"LANSING MANOR, NY US",New York,42.4486,-74.4653,335.3,2010-01-23,36,",,0",4,",,0",15,",,0,0800"
USC00304575,"LANSING MANOR, NY US",New York,42.4486,-74.4653,335.3,2010-01-24,37,",,0",11,",,0",23,",,0,0800"
USC00304575,"LANSING MANOR, NY US",New York,42.4486,-74.4653,335.3,2010-01-25,55,",,0",23,",,0",54,",,0,0800"
USC00304575,"LANSING MANOR, NY US",New York,42.4486,-74.4653,335.3,2010-01-26,56,",,0",27,",,0",32,",,0,0800"
USC00304575,"LANSING MANOR, NY US",New York,42.4486,-74.4653,335.3,2010-01-27,39,",,0",27,",,0",29,",,0,0800"
USC00304575,"LANSING MANOR, NY US",New York,42.4486,-74.4653,335.3,2010-01-28,34,",,0",20,",,0",27,",,0,0800"
USC00304575,"LANSING MANOR, NY US",New York,42.4486,-74.4653,335.3,2010-01-29,36,",,0",3,",,0",6,",,0,0800"
USC00304575,"LANSING MANOR, NY US",New York,42.4486,-74.4653,335.3,2010-01-30,14,",,0",-7,",,0",3,",,0,0800"
USC00304575,"LANSING MANOR, NY US",New York,42.4486,-74.4653,335.3,2010-01-31,18,",,0",-4,",,0",7,",,0,0800"
USC00304575,"LANSING MANOR, NY US",New York,42.4486,-74.4653,335.3,2010-02-01,25,",,0",6,",,0",20,",,0,0800"
USC00304575,"LANSING MANOR, NY US",New York,42.4486,-74.4653,335.3,2010-02-02,29,",,0",11,",,0",13,",,0,0800"
USC00304575,"LANSING MANOR, NY US",New York,42.4486,-74.4653,335.3,2010-02-03,27,",,0",13,",,0",20,",,0,0800"
USC00304575,"LANSING MANOR, NY US",New York,42.4486,-74.4653,335.3,2010-02-04,33,",,0",13,",,0",18,",,0,0800"
USC00304575,"LANSING MANOR, NY US",New York,42.4486,-74.4653,335.3,2010-02-05,30,",,0",11,",,0",19,",,0,0800"
USC00304575,"LANSING MANOR, NY US",New York,42.4486,-74.4653,335.3,2010-02-06,30,",,0",11,",,0",13,",,0,0800"
USC00304575,"LANSING MANOR, NY US",New York,42.4486,-74.4653,335.3,2010-02-07,22,",,0",4,",,0",12,",,0,0800"
USC00304575,"LANSING MANOR, NY US",New York,42.4486,-74.4653,335.3,2010-02-08,24,",,0",11,",,0",17,",,0,0800"
USC00304575,"LANSING MANOR, NY US",New York,42.4486,-74.4653,335.3,2010-02-09,29,",,0",15,",,0",20,",,0,0800"
USC00304575,"LANSING MANOR, NY US",New York,42.4486,-74.4653,335.3,2010-02-10,32,",,0",19,",,0",20,",,0,0800"
USC00304575,"LANSING MANOR, NY US",New York,42.4486,-74.4653,335.3,2010-02-11,31,",,0",19,",,0",21,",,0,0800"
USC00304575,"LANSING MANOR, NY US",New York,42.4486,-74.4653,335.3,2010-02-12,31,",,0",18,",,0",21,",,0,0800"
USC00304575,"LANSING MANOR, NY US",New York,42.4486,-74.4653,335.3,2010-02-13,33,",,0",9,",,0",14,",,0,0800"
USC00304575,"LANSING MANOR, NY US",New York,42.4486,-74.4653,335.3,2010-02-14,27,",,0",14,",,0",26,",,0,0800"
USC00304575,"LANSING MANOR, NY US",New York,42.4486,-74.4653,335.3,2010-02-15,30,",,0",24,",,0",30,",,0,0800"
USC00304575,"LANSING MANOR, NY US",New York,42.4486,-74.4653,335.3,2010-02-16,35,",,0",20,",,0",24,",,0,0800"
USC00304575,"LANSING MANOR, NY US",New York,42.4486,-74.4653,335.3,2010-02-17,30,",,0",23,",,0",26,",,0,0800"
USC00304575,"LANSING MANOR, NY US",New York,42.4486,-74.4653,335.3,2010-02-18,32,",,0",25,",,0",27,",,0,0800"
USC00304575,"LANSING MANOR, NY US",New York,42.4486,-74.4653,335.3,2010-02-19,35,",,0",26,",,0",32,",,0,0800"
USC00304575,"LANSING MANOR, NY US",New York,42.4486,-74.4653,335.3,2010-02-20,36,",,0",28,",,0",30,",,0,0800"
USC00304575,"LANSING MANOR, NY US",New York,42.4486,-74.4653,335.3,2010-02-21,36,",,0",24,",,0",27,",,0,0800"
USC00304575,"LANSING MANOR, NY US",New York,42.4486,-74.4653,335.3,2010-02-22,34,",,0",17,",,0",27,",,0,0800"
USC00304575,"LANSING MANOR, NY US",New York,42.4486,-74.4653,335.3,2010-02-23,42,",,0",25,",,0",36,",,0,0800"
USC00304575,"LANSING MANOR, NY US",New York,42.4486,-74.4653,335.3,2010-02-24,36,",,0",29,",,0",30,",,0,0800"
USC00304575,"LANSING MANOR, NY US",New York,42.4486,-74.4653,335.3,2010-02-25,37,",,0",11,",,0",33,",,0,0800"
USC00304575,"LANSING MANOR, NY US",New York,42.4486,-74.4653,335.3,2010-02-28,40,",,0",26,",,0",32,",,0,0800"
USC00304575,"LANSING MANOR, NY US",New York,42.4486,-74.4653,335.3,2010-03-01,39,",,0",30,",,0",34,",,0,0800"
USC00304575,"LANSING MANOR, NY US",New York,42.4486,-74.4653,335.3,2010-03-02,38,",,0",28,",,0",36,",,0,0800"
USC00304575,"LANSING MANOR, NY US",New York,42.4486,-74.4653,335.3,2010-03-03,43,",,0",29,",,0",30,",,0,0800"
USC00304575,"LANSING MANOR, NY US",New York,42.4486,-74.4653,335.3,2010-03-04,38,",,0",29,",,0",31,",,0,0800"
USC00304575,"LANSING MANOR, NY US",New York,42.4486,-74.4653,335.3,2010-03-05,42,",,0",28,",,0",33,",,0,0800"
USC00304575,"LANSING MANOR, NY US",New York,42.4486,-74.4653,335.3,2010-03-06,42,",,0",13,",,0",35,",,0,0800"
USC00304575,"LANSING MANOR, NY US",New York,42.4486,-74.4653,335.3,2010-03-07,48,",,0",22,",,0",38,",,0,0800"
USC00304575,"LANSING MANOR, NY US",New York,42.4486,-74.4653,335.3,2010-03-08,54,",,0",26,",,0",41,",,0,0800"
USC00304575,"LANSING MANOR, NY US",New York,42.4486,-74.4653,335.3,2010-03-09,52,",,0",27,",,0",39,",,0,0800"
USC00304575,"LANSING MANOR, NY US",New York,42.4486,-74.4653,335.3,2010-03-10,51,",,0",22,",,0",32,",,0,0800"
USC00304575,"LANSING MANOR, NY US",New York,42.4486,-74.4653,335.3,2010-03-11,55,",,0",32,",,0",40,",,0,0800"
USC00304575,"LANSING MANOR, NY US",New York,42.4486,-74.4653,335.3,2010-03-12,57,",,0",34,",,0",38,",,0,0800"
USC00304575,"LANSING MANOR, NY US",New York,42.4486,-74.4653,335.3,2010-03-13,46,",,0",33,",,0",34,",,0,0800"
USC00304575,"LANSING MANOR, NY US",New York,42.4486,-74.4653,335.3,2010-03-14,38,",,0",31,",,0",34,",,0,0800"
USC00304575,"LANSING MANOR, NY US",New York,42.4486,-74.4653,335.3,2010-03-15,43,",,0",33,",,0",36,",,0,0800"
USC00304575,"LANSING MANOR, NY US",New York,42.4486,-74.4653,335.3,2010-03-16,44,",,0",26,",,0",32,",,0,0800"
USC00304575,"LANSING MANOR, NY US",New York,42.4486,-74.4653,335.3,2010-03-17,56,",,0",24,",,0",30,",,0,0800"
USC00304575,"LANSING MANOR, NY US",New York,42.4486,-74.4653,335.3,2010-03-18,59,",,0",27,",,0",31,",,0,0800"
USC00304575,"LANSING MANOR, NY US",New York,42.4486,-74.4653,335.3,2010-03-19,62,",,0",31,",,0",35,",,0,0800"
USC00304575,"LANSING MANOR, NY US",New York,42.4486,-74.4653,335.3,2010-03-20,66,",,0",29,",,0",44,",,0,0800"
USC00304575,"LANSING MANOR, NY US",New York,42.4486,-74.4653,335.3,2010-03-21,68,",,0",32,",,0",37,",,0,0800"
USC00304575,"LANSING MANOR, NY US",New York,42.4486,-74.4653,335.3,2010-03-22,62,",,0",34,",,0",36,",,0,0800"
USC00304575,"LANSING MANOR, NY US",New York,42.4486,-74.4653,335.3,2010-03-23,46,",,0",36,",,0",40,",,0,0800"
USC00304575,"LANSING MANOR, NY US",New York,42.4486,-74.4653,335.3,2010-03-24,49,",,0",32,",,0",34,",,0,0800"
USC00304575,"LANSING MANOR, NY US",New York,42.4486,-74.4653,335.3,2010-03-25,53,",,0",25,",,0",32,",,0,0800"
USC00304575,"LANSING MANOR, NY US",New York,42.4486,-74.4653,335.3,2010-03-26,59,",,0",27,",,0",28,",,0,0800"
USC00304575,"LANSING MANOR, NY US",New York,42.4486,-74.4653,335.3,2010-03-27,39,",,0",14,",,0",21,",,0,0800"
USC00304575,"LANSING MANOR, NY US",New York,42.4486,-74.4653,335.3,2010-03-28,44,",,0",21,",,0",37,",,0,0800"
USC00304575,"LANSING MANOR, NY US",New York,42.4486,-74.4653,335.3,2010-03-29,48,",,0",27,",,0",43,",,0,0800"
USC00304575,"LANSING MANOR, NY US",New York,42.4486,-74.4653,335.3,2010-03-30,54,",,0",35,",,0",36,",,0,0800"
USC00304575,"LANSING MANOR, NY US",New York,42.4486,-74.4653,335.3,2010-03-31,42,",,0",34,",,0",41,",,0,0800"
USC00304575,"LANSING MANOR, NY US",New York,42.4486,-74.4653,335.3,2010-04-01,48,",,0",39,",,0",40,",,0,0800"
USC00304575,"LANSING MANOR, NY US",New York,42.4486,-74.4653,335.3,2010-04-02,,,,,,
USC00304575,"LANSING MANOR, NY US",New York,42.4486,-74.4653,335.3,2010-04-03,81,",,0",36,",,0",59,",,0,0800"
USC00304575,"LANSING MANOR, NY US",New York,42.4486,-74.4653,335.3,2010-04-04,82,",,0",48,",,0",57,",,0,0800"
USC00304575,"LANSING MANOR, NY US",New York,42.4486,-74.4653,335.3,2010-04-05,68,",,0",35,",,0",41,",,0,0800"
USC00304575,"LANSING MANOR, NY US",New York,42.4486,-74.4653,335.3,2010-04-06,76,",,0",39,",,0",45,",,0,0800"
USC00304575,"LANSING MANOR, NY US",New York,42.4486,-74.4653,335.3,2010-04-07,71,",,0",44,",,0",69,",,0,0800"
USC00304575,"LANSING MANOR, NY US",New York,42.4486,-74.4653,335.3,2010-04-08,84,",,0",48,",,0",51,",,0,0800"
USC00304575,"LANSING MANOR, NY US",New York,42.4486,-74.4653,335.3,2010-04-09,83,",,0",40,",,0",42,",,0,0800"
USC00304575,"LANSING MANOR, NY US",New York,42.4486,-74.4653,335.3,2010-04-10,62,",,0",31,",,0",39,",,0,0800"
USC00304575,"LANSING MANOR, NY US",New York,42.4486,-74.4653,335.3,2010-04-11,62,",,0",38,",,0",55,",,0,0800"
USC00304575,"LANSING MANOR, NY US",New York,42.4486,-74.4653,335.3,2010-04-12,63,",,0",29,",,0",40,",,0,0800"
USC00304575,"LANSING MANOR, NY US",New York,42.4486,-74.4653,335.3,2010-04-13,56,",,0",34,",,0",39,",,0,0800"
USC00304575,"LANSING MANOR, NY US",New York,42.4486,-74.4653,335.3,2010-04-14,58,",,0",26,",,0",41,",,0,0800"
USC00304575,"LANSING MANOR, NY US",New York,42.4486,-74.4653,335.3,2010-04-15,63,",,0",29,",,0",42,",,0,0800"
USC00304575,"LANSING MANOR, NY US",New York,42.4486,-74.4653,335.3,2010-04-16,66,",,0",41,",,0",43,",,0,0800"
USC00304575,"LANSING MANOR, NY US",New York,42.4486,-74.4653,335.3,2010-04-17,68,",,0",39,",,0",42,",,0,0800"
USC00304575,"LANSING MANOR, NY US",New York,42.4486,-74.4653,335.3,2010-04-18,48,",,0",34,",,0",40,",,0,0800"
USC00304575,"LANSING MANOR, NY US",New York,42.4486,-74.4653,335.3,2010-04-19,50,",,0",35,",,0",44,",,0,0800"
USC00304575,"LANSING MANOR, NY US",New York,42.4486,-74.4653,335.3,2010-04-20,59,",,0",31,",,0",42,",,0,0800"
USC00304575,"LANSING MANOR, NY US",New York,42.4486,-74.4653,335.3,2010-04-21,66,",,0",34,",,0",43,",,0,0800"
USC00304575,"LANSING MANOR, NY US",New York,42.4486,-74.4653,335.3,2010-04-22,67,",,0",36,",,0",49,",,0,0800"
USC00304575,"LANSING MANOR, NY US",New York,42.4486,-74.4653,335.3,2010-04-23,65,",,0",32,",,0",45,",,0,0800"
USC00304575,"LANSING MANOR, NY US",New York,42.4486,-74.4653,335.3,2010-04-24,60,",,0",28,",,0",50,",,0,0800"
USC00304575,"LANSING MANOR, NY US",New York,42.4486,-74.4653,335.3,2010-04-25,67,",,0",47,",,0",49,",,0,0800"
USC00304575,"LANSING MANOR, NY US",New York,42.4486,-74.4653,335.3,2010-04-26,54,",,0",44,",,0",47,",,0,0800"
USC00304575,"LANSING MANOR, NY US",New York,42.4486,-74.4653,335.3,2010-04-27,52,",,0",45,",,0",46,",,0,0800"
USC00304575,"LANSING MANOR, NY US",New York,42.4486,-74.4653,335.3,2010-04-28,48,",,0",32,",,0",35,",,0,0800"
USC00304575,"LANSING MANOR, NY US",New York,42.4486,-74.4653,335.3,2010-04-29,54,",,0",34,",,0",45,",,0,0800"
USC00304575,"LANSING MANOR, NY US",New York,42.4486,-74.4653,335.3,2010-04-30,60,",,0",36,",,0",51,",,0,0800"
USC00304575,"LANSING MANOR, NY US",New York,42.4486,-74.4653,335.3,2010-05-01,74,",,0",48,",,0",64,",,0,0800"
USC00304575,"LANSING MANOR, NY US",New York,42.4486,-74.4653,335.3,2010-05-02,87,",,0",60,",,0",76,",,0,0800"
USC00304575,"LANSING MANOR, NY US",New York,42.4486,-74.4653,335.3,2010-05-03,89,",,0",52,",,0",72,",,0,0800"
USC00304575,"LANSING MANOR, NY US",New York,42.4486,-74.4653,335.3,2010-05-04,88,",,0",44,",,0",62,",,0,0800"
USC00304575,"LANSING MANOR, NY US",New York,42.4486,-74.4653,335.3,2010-05-05,72,",,0",38,",,0",56,",,0,0800"
USC00304575,"LANSING MANOR, NY US",New York,42.4486,-74.4653,335.3,2010-05-06,78,",,0",43,",,0",57,",,0,0800"
USC00304575,"LANSING MANOR, NY US",New York,42.4486,-74.4653,335.3,2010-05-07,70,",,0",49,",,0",52,",,0,0800"
USC00304575,"LANSING MANOR, NY US",New York,42.4486,-74.4653,335.3,2010-05-08,66,",,0",41,",,0",57,",,0,0800"
USC00304575,"LANSING MANOR, NY US",New York,42.4486,-74.4653,335.3,2010-05-09,67,",,0",33,",,0",35,",,0,0800"
USC00304575,"LANSING MANOR, NY US",New York,42.4486,-74.4653,335.3,2010-05-10,44,",,0",25,",,0",36,",,0,0800"
USC00304575,"LANSING MANOR, NY US",New York,42.4486,-74.4653,335.3,2010-05-11,53,",,0",34,",,0",36,",,0,0800"
USC00304575,"LANSING MANOR, NY US",New York,42.4486,-74.4653,335.3,2010-05-12,56,",,0",,,40,",,0,0800"
USC00304575,"LANSING MANOR, NY US",New York,42.4486,-74.4653,335.3,2010-05-13,47,",,0",37,",,0",45,",,0,0800"
USC00304575,"LANSING MANOR, NY US",New York,42.4486,-74.4653,335.3,2010-05-14,65,",,0",42,",,0",54,",,0,0800"
USC00304575,"LANSING MANOR, NY US",New York,42.4486,-74.4653,335.3,2010-05-15,80,",,0",40,",,0",55,",,0,0800"
USC00304575,"LANSING MANOR, NY US",New York,42.4486,-74.4653,335.3,2010-05-16,63,",,0",43,",,0",51,",,0,0800"
USC00304575,"LANSING MANOR, NY US",New York,42.4486,-74.4653,335.3,2010-05-17,71,",,0",35,",,0",49,",,0,0800"
USC00304575,"LANSING MANOR, NY US",New York,42.4486,-74.4653,335.3,2010-05-18,73,",,0",44,",,0",53,",,0,0800"
USC00304575,"LANSING MANOR, NY US",New York,42.4486,-74.4653,335.3,2010-05-19,65,",,0",41,",,0",54,",,0,0800"
USC00304575,"LANSING MANOR, NY US",New York,42.4486,-74.4653,335.3,2010-05-20,60,",,0",46,",,0",54,",,0,0800"
USC00304575,"LANSING MANOR, NY US",New York,42.4486,-74.4653,335.3,2010-05-21,82,",,0",42,",,0",62,",,0,0800"
USC00304575,"LANSING MANOR, NY US",New York,42.4486,-74.4653,335.3,2010-05-22,84,",,0",51,",,0",68,",,0,0800"
USC00304575,"LANSING MANOR, NY US",New York,42.4486,-74.4653,335.3,2010-05-23,78,",,0",62,",,0",72,",,0,0800"
USC00304575,"LANSING MANOR, NY US",New York,42.4486,-74.4653,335.3,2010-05-24,76,",,0",54,",,0",63,",,0,0800"
USC00304575,"LANSING MANOR, NY US",New York,42.4486,-74.4653,335.3,2010-05-25,83,",,0",45,",,0",65,",,0,0800"
USC00304575,"LANSING MANOR, NY US",New York,42.4486,-74.4653,335.3,2010-05-26,87,",,0",48,",,0",70,",,0,0800"
USC00304575,"LANSING MANOR, NY US",New York,42.4486,-74.4653,335.3,2010-05-27,94,",,0",67,",,0",72,",,0,0800"
USC00304575,"LANSING MANOR, NY US",New York,42.4486,-74.4653,335.3,2010-05-28,85,",,0",54,",,0",57,",,0,0800"
USC00304575,"LANSING MANOR, NY US",New York,42.4486,-74.4653,335.3,2010-05-29,79,",,0",53,",,0",66,",,0,0800"
USC00304575,"LANSING MANOR, NY US",New York,42.4486,-74.4653,335.3,2010-05-30,81,",,0",53,",,0",78,",,0,0800"
USC00304575,"LANSING MANOR, NY US",New York,42.4486,-74.4653,335.3,2010-05-31,81,",,0",51,",,0",68,",,0,0800"
USC00304575,"LANSING MANOR, NY US",New York,42.4486,-74.4653,335.3,2010-06-01,86,",,0",64,",,0",67,",,0,0800"
USC00304575,"LANSING MANOR, NY US",New York,42.4486,-74.4653,335.3,2010-06-02,77,",,0",50,",,0",60,",,0,0800"
USC00304575,"LANSING MANOR, NY US",New York,42.4486,-74.4653,335.3,2010-06-03,85,",,0",59,",,0",73,",,0,0800"
USC00304575,"LANSING MANOR, NY US",New York,42.4486,-74.4653,335.3,2010-06-04,77,",,0",59,",,0",64,",,0,0800"
USC00304575,"LANSING MANOR, NY US",New York,42.4486,-74.4653,335.3,2010-06-05,,,,,,
USC00304575,"LANSING MANOR, NY US",New York,42.4486,-74.4653,335.3,2010-06-06,84,",,0",56,",,0",67,",,0,0800"
USC00304575,"LANSING MANOR, NY US",New York,42.4486,-74.4653,335.3,2010-06-07,80,",,0",44,",,0",56,",,0,0800"
USC00304575,"LANSING MANOR, NY US",New York,42.4486,-74.4653,335.3,2010-06-08,70,",,0",40,",,0",53,",,0,0800"
USC00304575,"LANSING MANOR, NY US",New York,42.4486,-74.4653,335.3,2010-06-09,66,",,0",40,",,0",45,",,0,0800"
USC00304575,"LANSING MANOR, NY US",New York,42.4486,-74.4653,335.3,2010-06-10,63,",,0",44,",,0",60,",,0,0800"
USC00304575,"LANSING MANOR, NY US",New York,42.4486,-74.4653,335.3,2010-06-11,78,",,0",46,",,0",55,",,0,0800"
USC00304575,"LANSING MANOR, NY US",New York,42.4486,-74.4653,335.3,2010-06-12,77,",,0",52,",,0",57,",,0,0800"
USC00304575,"LANSING MANOR, NY US",New York,42.4486,-74.4653,335.3,2010-06-13,72,",,0",55,",,0",60,",,0,0800"
USC00304575,"LANSING MANOR, NY US",New York,42.4486,-74.4653,335.3,2010-06-14,66,",,0",60,",,0",63,",,0,0800"
USC00304575,"LANSING MANOR, NY US",New York,42.4486,-74.4653,335.3,2010-06-15,76,",,0",52,",,0",60,",,0,0800"
USC00304575,"LANSING MANOR, NY US",New York,42.4486,-74.4653,335.3,2010-06-16,77,",,0",51,",,0",55,",,0,0800"
USC00304575,"LANSING MANOR, NY US",New York,42.4486,-74.4653,335.3,2010-06-17,70,",,0",54,",,0",59,",,0,0800"
USC00304575,"LANSING MANOR, NY US",New York,42.4486,-74.4653,335.3,2010-06-18,68,",,0",49,",,0",58,",,0,0800"
USC00304575,"LANSING MANOR, NY US",New York,42.4486,-74.4653,335.3,2010-06-19,84,",,0",54,",,0",71,",,0,0800"
USC00304575,"LANSING MANOR, NY US",New York,42.4486,-74.4653,335.3,2010-06-20,87,",,0",71,",,0",76,",,0,0800"
USC00304575,"LANSING MANOR, NY US",New York,42.4486,-74.4653,335.3,2010-06-21,85,",,0",55,",,0",67,",,0,0800"
USC00304575,"LANSING MANOR, NY US",New York,42.4486,-74.4653,335.3,2010-06-22,81,",,0",54,",,0",68,",,0,0800"
USC00304575,"LANSING MANOR, NY US",New York,42.4486,-74.4653,335.3,2010-06-23,76,",,0",62,",,0",71,",,0,0800"
USC00304575,"LANSING MANOR, NY US",New York,42.4486,-74.4653,335.3,2010-06-24,83,",,0",67,",,0",78,",,0,0800"
USC00304575,"LANSING MANOR, NY US",New York,42.4486,-74.4653,335.3,2010-06-25,85,",,0",57,",,0",63,",,0,0800"
USC00304575,"LANSING MANOR, NY US",New York,42.4486,-74.4653,335.3,2010-06-26,81,",,0",54,",,0",65,",,0,0800"
USC00304575,"LANSING MANOR, NY US",New York,42.4486,-74.4653,335.3,2010-06-27,77,",,0",55,",,0",69,",,0,0800"
USC00304575,"LANSING MANOR, NY US",New York,42.4486,-74.4653,335.3,2010-06-28,86,",,0",68,",,0",78,",,0,0800"
USC00304575,"LANSING MANOR, NY US",New York,42.4486,-74.4653,335.3,2010-06-29,81,",,0",62,",,0",68,",,0,0800"
USC00304575,"LANSING MANOR, NY US",New York,42.4486,-74.4653,335.3,2010-06-30,77,",,0",44,",,0",56,",,0,0800"
USC00304575,"LANSING MANOR, NY US",New York,42.4486,-74.4653,335.3,2010-07-01,70,",,0",45,",,0",57,",,0,0800"
USC00304575,"LANSING MANOR, NY US",New York,42.4486,-74.4653,335.3,2010-07-02,70,",,0",46,",,0",66,",,0,0800"
USC00304575,"LANSING MANOR, NY US",New York,42.4486,-74.4653,335.3,2010-07-03,76,",,0",47,",,0",69,",,0,0800"
USC00304575,"LANSING MANOR, NY US",New York,42.4486,-74.4653,335.3,2010-07-04,88,",,0",54,",,0",75,",,0,0800"
USC00304575,"LANSING MANOR, NY US",New York,42.4486,-74.4653,335.3,2010-07-05,89,",,0",50,",,0",78,",,0,0800"
USC00304575,"LANSING MANOR, NY US",New York,42.4486,-74.4653,335.3,2010-07-06,94,",,0",66,",,0",70,",,0,0800"
USC00304575,"LANSING MANOR, NY US",New York,42.4486,-74.4653,335.3,2010-07-07,95,",,0",62,",,0",66,",,0,0800"
USC00304575,"LANSING MANOR, NY US",New York,42.4486,-74.4653,335.3,2010-07-08,94,",,0",64,",,0",68,",,0,0800"
USC00304575,"LANSING MANOR, NY US",New York,42.4486,-74.4653,335.3,2010-07-09,93,",,0",67,",,0",72,",,0,0800"
USC00304575,"LANSING MANOR, NY US",New York,42.4486,-74.4653,335.3,2010-07-10,89,",,0",48,",,0",68,",,0,0800"
USC00304575,"LANSING MANOR, NY US",New York,42.4486,-74.4653,335.3,2010-07-11,83,",,0",66,",,0",71,",,0,0800"
USC00304575,"LANSING MANOR, NY US",New York,42.4486,-74.4653,335.3,2010-07-12,85,",,0",60,",,0",62,",,0,0800"
USC00304575,"LANSING MANOR, NY US",New York,42.4486,-74.4653,335.3,2010-07-13,89,",,0",62,",,0",67,",,0,0800"
USC00304575,"LANSING MANOR, NY US",New York,42.4486,-74.4653,335.3,2010-07-14,85,",,0",66,",,0",68,",,0,0800"
USC00304575,"LANSING MANOR, NY US",New York,42.4486,-74.4653,335.3,2010-07-15,82,",,0",59,",,0",67,",,0,0800"
USC00304575,"LANSING MANOR, NY US",New York,42.4486,-74.4653,335.3,2010-07-16,86,",,0",64,",,0",69,",,0,0800"
USC00304575,"LANSING MANOR, NY US",New York,42.4486,-74.4653,335.3,2010-07-17,90,",,0",69,",,0",71,",,0,0800"
USC00304575,"LANSING MANOR, NY US",New York,42.4486,-74.4653,335.3,2010-07-18,89,",,0",61,",,0",67,",,0,0800"
USC00304575,"LANSING MANOR, NY US",New York,42.4486,-74.4653,335.3,2010-07-19,83,",,0",60,",,0",65,",,0,0800"
USC00304575,"LANSING MANOR, NY US",New York,42.4486,-74.4653,335.3,2010-07-20,87,",,0",62,",,0",67,",,0,0800"
USC00304575,"LANSING MANOR, NY US",New York,42.4486,-74.4653,335.3,2010-07-21,81,",,0",60,",,0",65,",,0,0800"
USC00304575,"LANSING MANOR, NY US",New York,42.4486,-74.4653,335.3,2010-07-22,86,",,0",58,",,0",63,",,0,0800"
USC00304575,"LANSING MANOR, NY US",New York,42.4486,-74.4653,335.3,2010-07-23,80,",,0",58,",,0",62,",,0,0800"
USC00304575,"LANSING MANOR, NY US",New York,42.4486,-74.4653,335.3,2010-07-24,80,",,0",61,",,0",78,",,0,0800"
USC00304575,"LANSING MANOR, NY US",New York,42.4486,-74.4653,335.3,2010-07-25,89,",,0",71,",,0",75,",,0,0800"
USC00304575,"LANSING MANOR, NY US",New York,42.4486,-74.4653,335.3,2010-07-26,80,",,0",54,",,0",60,",,0,0800"
USC00304575,"LANSING MANOR, NY US",New York,42.4486,-74.4653,335.3,2010-07-27,80,",,0",54,",,0",58,",,0,0800"
USC00304575,"LANSING MANOR, NY US",New York,42.4486,-74.4653,335.3,2010-07-28,85,",,0",57,",,0",61,",,0,0800"
USC00304575,"LANSING MANOR, NY US",New York,42.4486,-74.4653,335.3,2010-07-29,87,",,0",60,",,0",67,",,0,0800"
USC00304575,"LANSING MANOR, NY US",New York,42.4486,-74.4653,335.3,2010-07-30,82,",,0",53,",,0",56,",,0,0800"
USC00304575,"LANSING MANOR, NY US",New York,42.4486,-74.4653,335.3,2010-07-31,78,",,0",50,",,0",60,",,0,0800"
USC00304575,"LANSING MANOR, NY US",New York,42.4486,-74.4653,335.3,2010-08-01,78,",,0",52,",,0",63,",,0,0800"
USC00304575,"LANSING MANOR, NY US",New York,42.4486,-74.4653,335.3,2010-08-02,80,",,0",60,",,0",63,",,0,0800"
USC00304575,"LANSING MANOR, NY US",New York,42.4486,-74.4653,335.3,2010-08-03,84,",,0",62,",,0",69,",,0,0800"
USC00304575,"LANSING MANOR, NY US",New York,42.4486,-74.4653,335.3,2010-08-04,83,",,0",68,",,0",72,",,0,0800"
USC00304575,"LANSING MANOR, NY US",New York,42.4486,-74.4653,335.3,2010-08-05,90,",,0",67,",,0",69,",,0,0800"
USC00304575,"LANSING MANOR, NY US",New York,42.4486,-74.4653,335.3,2010-08-06,84,",,0",60,",,0",64,",,0,0800"
USC00304575,"LANSING MANOR, NY US",New York,42.4486,-74.4653,335.3,2010-08-07,78,",,0",56,",,0",66,",,0,0800"
USC00304575,"LANSING MANOR, NY US",New York,42.4486,-74.4653,335.3,2010-08-08,77,",,0",50,",,0",66,",,0,0800"
USC00304575,"LANSING MANOR, NY US",New York,42.4486,-74.4653,335.3,2010-08-09,85,",,0",59,",,0",63,",,0,0800"
USC00304575,"LANSING MANOR, NY US",New York,42.4486,-74.4653,335.3,2010-08-10,88,",,0",62,",,0",66,",,0,0800"
USC00304575,"LANSING MANOR, NY US",New York,42.4486,-74.4653,335.3,2010-08-11,84,",,0",63,",,0",69,",,0,0800"
USC00304575,"LANSING MANOR, NY US",New York,42.4486,-74.4653,335.3,2010-08-12,85,",,0",65,",,0",70,",,0,0800"
USC00304575,"LANSING MANOR, NY US",New York,42.4486,-74.4653,335.3,2010-08-13,76,",,0",65,",,0",69,",,0,0800"
USC00304575,"LANSING MANOR, NY US",New York,42.4486,-74.4653,335.3,2010-08-14,81,",,0",53,",,0",66,",,0,0800"
USC00304575,"LANSING MANOR, NY US",New York,42.4486,-74.4653,335.3,2010-08-15,80,",,0",59,",,0",70,",,0,0800"
USC00304575,"LANSING MANOR, NY US",New York,42.4486,-74.4653,335.3,2010-08-16,71,",,0",64,",,0",69,",,0,0800"
USC00304575,"LANSING MANOR, NY US",New York,42.4486,-74.4653,335.3,2010-08-17,83,",,0",58,",,0",60,",,0,0800"
USC00304575,"LANSING MANOR, NY US",New York,42.4486,-74.4653,335.3,2010-08-18,82,",,0",55,",,0",57,",,0,0800"
USC00304575,"LANSING MANOR, NY US",New York,42.4486,-74.4653,335.3,2010-08-19,83,",,0",55,",,0",60,",,0,0800"
USC00304575,"LANSING MANOR, NY US",New York,42.4486,-74.4653,335.3,2010-08-20,84,",,0",59,",,0",61,",,0,0800"
USC00304575,"LANSING MANOR, NY US",New York,42.4486,-74.4653,335.3,2010-08-21,78,",,0",48,",,0",58,",,0,0800"
USC00304575,"LANSING MANOR, NY US",New York,42.4486,-74.4653,335.3,2010-08-22,75,",,0",57,",,0",63,",,0,0800"
USC00304575,"LANSING MANOR, NY US",New York,42.4486,-74.4653,335.3,2010-08-23,71,",,0",60,",,0",62,",,0,0800"
USC00304575,"LANSING MANOR, NY US",New York,42.4486,-74.4653,335.3,2010-08-24,65,",,0",55,",,0",57,",,0,0800"
USC00304575,"LANSING MANOR, NY US",New York,42.4486,-74.4653,335.3,2010-08-25,67,",,0",55,",,0",59,",,0,0800"
USC00304575,"LANSING MANOR, NY US",New York,42.4486,-74.4653,335.3,2010-08-26,70,",,0",57,",,0",59,",,0,0800"
USC00304575,"LANSING MANOR, NY US",New York,42.4486,-74.4653,335.3,2010-08-27,74,",,0",47,",,0",50,",,0,0800"
USC00304575,"LANSING MANOR, NY US",New York,42.4486,-74.4653,335.3,2010-08-28,73,",,0",45,",,0",61,",,0,0800"
USC00304575,"LANSING MANOR, NY US",New York,42.4486,-74.4653,335.3,2010-08-29,81,",,0",51,",,0",65,",,0,0800"
USC00304575,"LANSING MANOR, NY US",New York,42.4486,-74.4653,335.3,2010-08-30,89,",,0",52,",,0",54,",,0,0800"
USC00304575,"LANSING MANOR, NY US",New York,42.4486,-74.4653,335.3,2010-08-31,87,",,0",52,",,0",61,",,0,0800"
USC00304575,"LANSING MANOR, NY US",New York,42.4486,-74.4653,335.3,2010-09-01,90,",,0",60,",,0",62,",,0,0800"
USC00304575,"LANSING MANOR, NY US",New York,42.4486,-74.4653,335.3,2010-09-02,90,",,0",59,",,0",61,",,0,0800"
USC00304575,"LANSING MANOR, NY US",New York,42.4486,-74.4653,335.3,2010-09-03,91,",,0",58,",,0",62,",,0,0800"
USC00304575,"LANSING MANOR, NY US",New York,42.4486,-74.4653,335.3,2010-09-04,85,",,0",58,",,0",66,",,0,0800"
USC00304575,"LANSING MANOR, NY US",New York,42.4486,-74.4653,335.3,2010-09-05,70,",,0",48,",,0",59,",,0,0800"
USC00304575,"LANSING MANOR, NY US",New York,42.4486,-74.4653,335.3,2010-09-06,67,",,0",42,",,0",60,",,0,0800"
USC00304575,"LANSING MANOR, NY US",New York,42.4486,-74.4653,335.3,2010-09-07,76,",,0",56,",,0",66,",,0,0800"
USC00304575,"LANSING MANOR, NY US",New York,42.4486,-74.4653,335.3,2010-09-08,87,",,0",59,",,0",65,",,0,0800"
USC00304575,"LANSING MANOR, NY US",New York,42.4486,-74.4653,335.3,2010-09-09,73,",,0",52,",,0",54,",,0,0800"
USC00304575,"LANSING MANOR, NY US",New York,42.4486,-74.4653,335.3,2010-09-10,62,",,0",53,",,0",55,",,0,0800"
USC00304575,"LANSING MANOR, NY US",New York,42.4486,-74.4653,335.3,2010-09-11,63,",,0",43,",,0",58,",,0,0800"
USC00304575,"LANSING MANOR, NY US",New York,42.4486,-74.4653,335.3,2010-09-12,74,",,0",47,",,0",58,",,0,0800"
USC00304575,"LANSING MANOR, NY US",New York,42.4486,-74.4653,335.3,2010-09-13,61,",,0",51,",,0",57,",,0,0800"
USC00304575,"LANSING MANOR, NY US",New York,42.4486,-74.4653,335.3,2010-09-14,71,",,0",46,",,0",54,",,0,0800"
USC00304575,"LANSING MANOR, NY US",New York,42.4486,-74.4653,335.3,2010-09-15,67,",,0",43,",,0",54,",,0,0800"
USC00304575,"LANSING MANOR, NY US",New York,42.4486,-74.4653,335.3,2010-09-16,63,",,0",40,",,0",45,",,0,0800"
USC00304575,"LANSING MANOR, NY US",New York,42.4486,-74.4653,335.3,2010-09-17,71,",,0",44,",,0",54,",,0,0800"
USC00304575,"LANSING MANOR, NY US",New York,42.4486,-74.4653,335.3,2010-09-18,58,",,0",45,",,0",54,",,0,0800"
USC00304575,"LANSING MANOR, NY US",New York,42.4486,-74.4653,335.3,2010-09-19,73,",,0",49,",,0",60,",,0,0800"
USC00304575,"LANSING MANOR, NY US",New York,42.4486,-74.4653,335.3,2010-09-20,70,",,0",43,",,0",46,",,0,0800"
USC00304575,"LANSING MANOR, NY US",New York,42.4486,-74.4653,335.3,2010-09-21,66,",,0",35,",,0",43,",,0,0800"
USC00304575,"LANSING MANOR, NY US",New York,42.4486,-74.4653,335.3,2010-09-22,73,",,0",43,",,0",62,",,0,0800"
USC00304575,"LANSING MANOR, NY US",New York,42.4486,-74.4653,335.3,2010-09-23,80,",,0",49,",,0",55,",,0,0800"
USC00304575,"LANSING MANOR, NY US",New York,42.4486,-74.4653,335.3,2010-09-24,76,",,0",54,",,0",67,",,0,0800"
USC00304575,"LANSING MANOR, NY US",New York,42.4486,-74.4653,335.3,2010-09-25,90,",,0",64,",,0",69,",,0,0800"
USC00304575,"LANSING MANOR, NY US",New York,42.4486,-74.4653,335.3,2010-09-26,77,",,0",47,",,0",53,",,0,0800"
USC00304575,"LANSING MANOR, NY US",New York,42.4486,-74.4653,335.3,2010-09-27,67,",,0",50,",,0",54,",,0,0800"
USC00304575,"LANSING MANOR, NY US",New York,42.4486,-74.4653,335.3,2010-09-28,65,",,0",53,",,0",62,",,0,0800"
USC00304575,"LANSING MANOR, NY US",New York,42.4486,-74.4653,335.3,2010-09-29,76,",,0",53,",,0",57,",,0,0800"
USC00304575,"LANSING MANOR, NY US",New York,42.4486,-74.4653,335.3,2010-09-30,76,",,0",54,",,0",55,",,0,0800"
USC00304575,"LANSING MANOR, NY US",New York,42.4486,-74.4653,335.3,2010-10-01,75,",,0",52,",,0",54,",,0,0800"
USC00304575,"LANSING MANOR, NY US",New York,42.4486,-74.4653,335.3,2010-10-02,63,",,0",38,",,0",50,",,0,0800"
USC00304575,"LANSING MANOR, NY US",New York,42.4486,-74.4653,335.3,2010-10-03,61,",,0",35,",,0",48,",,0,0800"
USC00304575,"LANSING MANOR, NY US",New York,42.4486,-74.4653,335.3,2010-10-04,59,",,0",42,",,0",44,",,0,0800"
USC00304575,"LANSING MANOR, NY US",New York,42.4486,-74.4653,335.3,2010-10-05,52,",,0",43,",,0",46,",,0,0800"
USC00304575,"LANSING MANOR, NY US",New York,42.4486,-74.4653,335.3,2010-10-06,55,",,0",45,",,0",54,",,0,0800"
USC00304575,"LANSING MANOR, NY US",New York,42.4486,-74.4653,335.3,2010-10-07,56,",,0",47,",,0",50,",,0,0800"
USC00304575,"LANSING MANOR, NY US",New York,42.4486,-74.4653,335.3,2010-10-08,63,",,0",41,",,0",49,",,0,0800"
USC00304575,"LANSING MANOR, NY US",New York,42.4486,-74.4653,335.3,2010-10-09,72,",,0",46,",,0",55,",,0,0800"
USC00304575,"LANSING MANOR, NY US",New York,42.4486,-74.4653,335.3,2010-10-10,62,",,0",30,",,0",41,",,0,0800"
USC00304575,"LANSING MANOR, NY US",New York,42.4486,-74.4653,335.3,2010-10-11,69,",,0",39,",,0",52,",,0,0800"
USC00304575,"LANSING MANOR, NY US",New York,42.4486,-74.4653,335.3,2010-10-12,70,",,0",44,",,0",57,",,0,0800"
USC00304575,"LANSING MANOR, NY US",New York,42.4486,-74.4653,335.3,2010-10-13,61,",,0",29,",,0",37,",,0,0800"
USC00304575,"LANSING MANOR, NY US",New York,42.4486,-74.4653,335.3,2010-10-14,64,",,0",31,",,0",40,",,0,0800"
USC00304575,"LANSING MANOR, NY US",New York,42.4486,-74.4653,335.3,2010-10-15,62,",,0",38,",,0",43,",,0,0800"
USC00304575,"LANSING MANOR, NY US",New York,42.4486,-74.4653,335.3,2010-10-16,47,",,0",39,",,0",46,",,0,0800"
USC00304575,"LANSING MANOR, NY US",New York,42.4486,-74.4653,335.3,2010-10-17,55,",,0",34,",,0",45,",,0,0800"
USC00304575,"LANSING MANOR, NY US",New York,42.4486,-74.4653,335.3,2010-10-18,64,",,0",36,",,0",43,",,0,0800"
USC00304575,"LANSING MANOR, NY US",New York,42.4486,-74.4653,335.3,2010-10-19,55,",,0",29,",,0",36,",,0,0800"
USC00304575,"LANSING MANOR, NY US",New York,42.4486,-74.4653,335.3,2010-10-20,55,",,0",27,",,0",33,",,0,0800"
USC00304575,"LANSING MANOR, NY US",New York,42.4486,-74.4653,335.3,2010-10-21,59,",,0",32,",,0",46,",,0,0800"
USC00304575,"LANSING MANOR, NY US",New York,42.4486,-74.4653,335.3,2010-10-22,56,",,0",28,",,0",35,",,0,0800"
USC00304575,"LANSING MANOR, NY US",New York,42.4486,-74.4653,335.3,2010-10-23,45,",,0",33,",,0",42,",,0,0800"
USC00304575,"LANSING MANOR, NY US",New York,42.4486,-74.4653,335.3,2010-10-24,58,",,0",39,",,0",41,",,0,0800"
USC00304575,"LANSING MANOR, NY US",New York,42.4486,-74.4653,335.3,2010-10-25,55,",,0",39,",,0",48,",,0,0800"
USC00304575,"LANSING MANOR, NY US",New York,42.4486,-74.4653,335.3,2010-10-26,75,",,0",45,",,0",57,",,0,0800"
USC00304575,"LANSING MANOR, NY US",New York,42.4486,-74.4653,335.3,2010-10-27,75,",,0",56,",,0",60,",,0,0800"
USC00304575,"LANSING MANOR, NY US",New York,42.4486,-74.4653,335.3,2010-10-28,71,",,0",42,",,0",61,",,0,0800"
USC00304575,"LANSING MANOR, NY US",New York,42.4486,-74.4653,335.3,2010-10-29,69,",,0",42,",,0",44,",,0,0800"
USC00304575,"LANSING MANOR, NY US",New York,42.4486,-74.4653,335.3,2010-10-30,49,",,0",32,",,0",42,",,0,0800"
USC00304575,"LANSING MANOR, NY US",New York,42.4486,-74.4653,335.3,2010-10-31,54,",,0",38,",,0",39,",,0,0800"
USC00304575,"LANSING MANOR, NY US",New York,42.4486,-74.4653,335.3,2010-11-01,45,",,0",27,",,0",30,",,0,0800"
USC00304575,"LANSING MANOR, NY US",New York,42.4486,-74.4653,335.3,2010-11-02,39,",,0",25,",,0",32,",,0,0800"
USC00304575,"LANSING MANOR, NY US",New York,42.4486,-74.4653,335.3,2010-11-03,49,",,0",25,",,0",31,",,0,0800"
USC00304575,"LANSING MANOR, NY US",New York,42.4486,-74.4653,335.3,2010-11-04,55,",,0",31,",,0",40,",,0,0800"
USC00304575,"LANSING MANOR, NY US",New York,42.4486,-74.4653,335.3,2010-11-05,42,",,0",37,",,0",40,",,0,0800"
USC00304575,"LANSING MANOR, NY US",New York,42.4486,-74.4653,335.3,2010-11-06,46,",,0",31,",,0",34,",,0,0800"
USC00304575,"LANSING MANOR, NY US",New York,42.4486,-74.4653,335.3,2010-11-07,40,",,0",20,",,0",36,",,0,0800"
USC00304575,"LANSING MANOR, NY US",New York,42.4486,-74.4653,335.3,2010-11-08,45,",,0",25,",,0",35,",,0,0800"
USC00304575,"LANSING MANOR, NY US",New York,42.4486,-74.4653,335.3,2010-11-09,38,",,0",30,",,0",35,",,0,0800"
USC00304575,"LANSING MANOR, NY US",New York,42.4486,-74.4653,335.3,2010-11-10,45,",,0",35,",,0",40,",,0,0800"
USC00304575,"LANSING MANOR, NY US",New York,42.4486,-74.4653,335.3,2010-11-11,,,,,,
USC00304575,"LANSING MANOR, NY US",New York,42.4486,-74.4653,335.3,2010-11-12,54,",,0",21,",,0",30,",,0,0800"
USC00304575,"LANSING MANOR, NY US",New York,42.4486,-74.4653,335.3,2010-11-13,60,",,0",24,",,0",41,",,0,0800"
USC00304575,"LANSING MANOR, NY US",New York,42.4486,-74.4653,335.3,2010-11-14,59,",,0",27,",,0",36,",,0,0800"
USC00304575,"LANSING MANOR, NY US",New York,42.4486,-74.4653,335.3,2010-11-15,63,",,0",36,",,0",38,",,0,0800"
USC00304575,"LANSING MANOR, NY US",New York,42.4486,-74.4653,335.3,2010-11-16,54,",,0",38,",,0",42,",,0,0800"
USC00304575,"LANSING MANOR, NY US",New York,42.4486,-74.4653,335.3,2010-11-17,55,",,0",39,",,0",50,",,0,0800"
USC00304575,"LANSING MANOR, NY US",New York,42.4486,-74.4653,335.3,2010-11-18,52,",,0",38,",,0",40,",,0,0800"
USC00304575,"LANSING MANOR, NY US",New York,42.4486,-74.4653,335.3,2010-11-19,47,",,0",29,",,0",32,",,0,0800"
USC00304575,"LANSING MANOR, NY US",New York,42.4486,-74.4653,335.3,2010-11-20,45,",,0",24,",,0",42,",,0,0800"
USC00304575,"LANSING MANOR, NY US",New York,42.4486,-74.4653,335.3,2010-11-21,51,",,0",23,",,0",29,",,0,0800"
USC00304575,"LANSING MANOR, NY US",New York,42.4486,-74.4653,335.3,2010-11-22,50,",,0",29,",,0",49,",,0,0800"
USC00304575,"LANSING MANOR, NY US",New York,42.4486,-74.4653,335.3,2010-11-23,60,",,0",33,",,0",57,",,0,0800"
USC00304575,"LANSING MANOR, NY US",New York,42.4486,-74.4653,335.3,2010-11-24,62,",,0",30,",,0",32,",,0,0800"
USC00304575,"LANSING MANOR, NY US",New York,42.4486,-74.4653,335.3,2010-11-25,,,,,,
USC00304575,"LANSING MANOR, NY US",New York,42.4486,-74.4653,335.3,2010-11-26,,,,,,
USC00304575,"LANSING MANOR, NY US",New York,42.4486,-74.4653,335.3,2010-11-27,46,",,0",29,",,0",31,",,0,0800"
USC00304575,"LANSING MANOR, NY US",New York,42.4486,-74.4653,335.3,2010-11-28,37,",,0",18,",,0",30,",,0,0800"
USC00304575,"LANSING MANOR, NY US",New York,42.4486,-74.4653,335.3,2010-11-29,40,",,0",22,",,0",26,",,0,0800"
USC00304575,"LANSING MANOR, NY US",New York,42.4486,-74.4653,335.3,2010-11-30,49,",,0",25,",,0",42,",,0,0800"
USC00304575,"LANSING MANOR, NY US",New York,42.4486,-74.4653,335.3,2010-12-01,59,",,0",42,",,0",57,",,0,0800"
USC00304575,"LANSING MANOR, NY US",New York,42.4486,-74.4653,335.3,2010-12-02,61,",,0",28,",,0",30,",,0,0800"
USC00304575,"LANSING MANOR, NY US",New York,42.4486,-74.4653,335.3,2010-12-03,35,",,0",22,",,0",26,",,0,0800"
USC00304575,"LANSING MANOR, NY US",New York,42.4486,-74.4653,335.3,2010-12-04,35,",,0",22,",,0",29,",,0,0800"
USC00304575,"LANSING MANOR, NY US",New York,42.4486,-74.4653,335.3,2010-12-05,34,",,0",19,",,0",23,",,0,0800"
USC00304575,"LANSING MANOR, NY US",New York,42.4486,-74.4653,335.3,2010-12-06,30,",,0",20,",,0",24,",,0,0800"
USC00304575,"LANSING MANOR, NY US",New York,42.4486,-74.4653,335.3,2010-12-07,27,",,0",15,",,0",21,",,0,0800"
USC00304575,"LANSING MANOR, NY US",New York,42.4486,-74.4653,335.3,2010-12-08,28,",,0",17,",,0",20,",,0,0800"
USC00304575,"LANSING MANOR, NY US",New York,42.4486,-74.4653,335.3,2010-12-09,26,",,0",8,",,0",14,",,0,0800"
USC00304575,"LANSING MANOR, NY US",New York,42.4486,-74.4653,335.3,2010-12-10,23,",,0",0,",,0",8,",,0,0800"
USC00304575,"LANSING MANOR, NY US",New York,42.4486,-74.4653,335.3,2010-12-11,35,",,0",8,",,0",31,",,0,0800"
USC00304575,"LANSING MANOR, NY US",New York,42.4486,-74.4653,335.3,2010-12-12,41,",,0",20,",,0",35,",,0,0800"
USC00304575,"LANSING MANOR, NY US",New York,42.4486,-74.4653,335.3,2010-12-13,51,",,0",32,",,0",36,",,0,0800"
USC00304575,"LANSING MANOR, NY US",New York,42.4486,-74.4653,335.3,2010-12-14,37,",,0",9,",,0",11,",,0,0800"
USC00304575,"LANSING MANOR, NY US",New York,42.4486,-74.4653,335.3,2010-12-15,20,",,0",9,",,0",15,",,0,0800"
USC00304575,"LANSING MANOR, NY US",New York,42.4486,-74.4653,335.3,2010-12-16,22,",,0",12,",,0",20,",,0,0800"
USC00304575,"LANSING MANOR, NY US",New York,42.4486,-74.4653,335.3,2010-12-17,29,",,0",7,",,0",15,",,0,0800"
USC00304575,"LANSING MANOR, NY US",New York,42.4486,-74.4653,335.3,2010-12-18,31,",,0",14,",,0",25,",,0,0800"
USC00304575,"LANSING MANOR, NY US",New York,42.4486,-74.4653,335.3,2010-12-19,34,",,0",6,",,0",12,",,0,0800"
USC00304575,"LANSING MANOR, NY US",New York,42.4486,-74.4653,335.3,2010-12-20,30,",,0",5,",,0",11,",,0,0800"
USC00304575,"LANSING MANOR, NY US",New York,42.4486,-74.4653,335.3,2010-12-21,32,",,0",11,",,0",20,",,0,0800"
USC00304575,"LANSING MANOR, NY US",New York,42.4486,-74.4653,335.3,2010-12-22,25,",,0",19,",,0",23,",,0,0800"
USC00304575,"LANSING MANOR, NY US",New York,42.4486,-74.4653,335.3,2010-12-23,27,",,0",19,",,0",20,",,0,0800"
USC00304575,"LANSING MANOR, NY US",New York,42.4486,-74.4653,335.3,2010-12-25,,,,,,
USC00304575,"LANSING MANOR, NY US",New York,42.4486,-74.4653,335.3,2010-12-26,29,",,0",13,",,0",15,",,0,0800"
USC00304575,"LANSING MANOR, NY US",New York,42.4486,-74.4653,335.3,2010-12-27,20,",,0",10,",,0",13,",,0,0800"
USC00304575,"LANSING MANOR, NY US",New York,42.4486,-74.4653,335.3,2010-12-28,22,",,0",12,",,0",19,",,0,0800"
USC00304575,"LANSING MANOR, NY US",New York,42.4486,-74.4653,335.3,2010-12-29,30,",,0",19,",,0",27,",,0,0800"
USC00304575,"LANSING MANOR, NY US",New York,42.4486,-74.4653,335.3,2010-12-30,31,",,0",9,",,0",15,",,0,0800"
USC00304575,"LANSING MANOR, NY US",New York,42.4486,-74.4653,335.3,2010-12-31,,,,,,
